label,subgraph_idx,subgraph_name,op_idx,op_type,m,n,k,input_shapes,output_shapes
prefill-decode,0,decode,3,FULLY_CONNECTED,1,8960,1536,1,1,1536|8960,1536|,1,1,8960
prefill-decode,0,decode,12,FULLY_CONNECTED,1,2048,1536,1,1,1536|2048,1536|,1,1,2048
prefill-decode,0,decode,15,FULLY_CONNECTED,1,256,1536,1,1,1536|256,1536|,1,1,256
prefill-decode,0,decode,18,FULLY_CONNECTED,1,256,1536,1,1,1536|256,1536|,1,1,256
prefill-decode,0,decode,73,FULLY_CONNECTED,1,1536,2048,1,1,2048|1536,2048|,1,1,1536
prefill-decode,0,decode,79,FULLY_CONNECTED,1,6144,1536,1,1,1536|6144,1536|,1,1,6144
prefill-decode,0,decode,81,FULLY_CONNECTED,1,6144,1536,1,1,1536|6144,1536|,1,1,6144
prefill-decode,0,decode,86,FULLY_CONNECTED,1,1536,6144,1,1,6144|1536,6144|,1,1,1536
prefill-decode,0,decode,91,FULLY_CONNECTED,1,256,1536,1,1,1536|256,1536|,1,1,256
prefill-decode,0,decode,96,FULLY_CONNECTED,1,1536,256,1,1,256|1536,256|,1,1,1536
prefill-decode,0,decode,103,FULLY_CONNECTED,1,2048,1536,1,1,1536|2048,1536|,1,1,2048
prefill-decode,0,decode,106,FULLY_CONNECTED,1,256,1536,1,1,1536|256,1536|,1,1,256
prefill-decode,0,decode,109,FULLY_CONNECTED,1,256,1536,1,1,1536|256,1536|,1,1,256
prefill-decode,0,decode,141,FULLY_CONNECTED,1,1536,2048,1,1,2048|1536,2048|,1,1,1536
prefill-decode,0,decode,147,FULLY_CONNECTED,1,6144,1536,1,1,1536|6144,1536|,1,1,6144
prefill-decode,0,decode,149,FULLY_CONNECTED,1,6144,1536,1,1,1536|6144,1536|,1,1,6144
prefill-decode,0,decode,154,FULLY_CONNECTED,1,1536,6144,1,1,6144|1536,6144|,1,1,1536
prefill-decode,0,decode,159,FULLY_CONNECTED,1,256,1536,1,1,1536|256,1536|,1,1,256
prefill-decode,0,decode,164,FULLY_CONNECTED,1,1536,256,1,1,256|1536,256|,1,1,1536
prefill-decode,0,decode,171,FULLY_CONNECTED,1,2048,1536,1,1,1536|2048,1536|,1,1,2048
prefill-decode,0,decode,174,FULLY_CONNECTED,1,256,1536,1,1,1536|256,1536|,1,1,256
prefill-decode,0,decode,177,FULLY_CONNECTED,1,256,1536,1,1,1536|256,1536|,1,1,256
prefill-decode,0,decode,209,FULLY_CONNECTED,1,1536,2048,1,1,2048|1536,2048|,1,1,1536
prefill-decode,0,decode,215,FULLY_CONNECTED,1,6144,1536,1,1,1536|6144,1536|,1,1,6144
prefill-decode,0,decode,217,FULLY_CONNECTED,1,6144,1536,1,1,1536|6144,1536|,1,1,6144
prefill-decode,0,decode,222,FULLY_CONNECTED,1,1536,6144,1,1,6144|1536,6144|,1,1,1536
prefill-decode,0,decode,227,FULLY_CONNECTED,1,256,1536,1,1,1536|256,1536|,1,1,256
prefill-decode,0,decode,232,FULLY_CONNECTED,1,1536,256,1,1,256|1536,256|,1,1,1536
prefill-decode,0,decode,239,FULLY_CONNECTED,1,2048,1536,1,1,1536|2048,1536|,1,1,2048
prefill-decode,0,decode,242,FULLY_CONNECTED,1,256,1536,1,1,1536|256,1536|,1,1,256
prefill-decode,0,decode,245,FULLY_CONNECTED,1,256,1536,1,1,1536|256,1536|,1,1,256
prefill-decode,0,decode,277,FULLY_CONNECTED,1,1536,2048,1,1,2048|1536,2048|,1,1,1536
prefill-decode,0,decode,283,FULLY_CONNECTED,1,6144,1536,1,1,1536|6144,1536|,1,1,6144
prefill-decode,0,decode,285,FULLY_CONNECTED,1,6144,1536,1,1,1536|6144,1536|,1,1,6144
prefill-decode,0,decode,290,FULLY_CONNECTED,1,1536,6144,1,1,6144|1536,6144|,1,1,1536
prefill-decode,0,decode,295,FULLY_CONNECTED,1,256,1536,1,1,1536|256,1536|,1,1,256
prefill-decode,0,decode,300,FULLY_CONNECTED,1,1536,256,1,1,256|1536,256|,1,1,1536
prefill-decode,0,decode,307,FULLY_CONNECTED,1,4096,1536,1,1,1536|4096,1536|,1,1,4096
prefill-decode,0,decode,310,FULLY_CONNECTED,1,512,1536,1,1,1536|512,1536|,1,1,512
prefill-decode,0,decode,313,FULLY_CONNECTED,1,512,1536,1,1,1536|512,1536|,1,1,512
prefill-decode,0,decode,355,FULLY_CONNECTED,1,1536,4096,1,1,4096|1536,4096|,1,1,1536
prefill-decode,0,decode,361,FULLY_CONNECTED,1,6144,1536,1,1,1536|6144,1536|,1,1,6144
prefill-decode,0,decode,363,FULLY_CONNECTED,1,6144,1536,1,1,1536|6144,1536|,1,1,6144
prefill-decode,0,decode,368,FULLY_CONNECTED,1,1536,6144,1,1,6144|1536,6144|,1,1,1536
prefill-decode,0,decode,373,FULLY_CONNECTED,1,256,1536,1,1,1536|256,1536|,1,1,256
prefill-decode,0,decode,378,FULLY_CONNECTED,1,1536,256,1,1,256|1536,256|,1,1,1536
prefill-decode,0,decode,385,FULLY_CONNECTED,1,2048,1536,1,1,1536|2048,1536|,1,1,2048
prefill-decode,0,decode,388,FULLY_CONNECTED,1,256,1536,1,1,1536|256,1536|,1,1,256
prefill-decode,0,decode,391,FULLY_CONNECTED,1,256,1536,1,1,1536|256,1536|,1,1,256
prefill-decode,0,decode,423,FULLY_CONNECTED,1,1536,2048,1,1,2048|1536,2048|,1,1,1536
prefill-decode,0,decode,429,FULLY_CONNECTED,1,6144,1536,1,1,1536|6144,1536|,1,1,6144
prefill-decode,0,decode,431,FULLY_CONNECTED,1,6144,1536,1,1,1536|6144,1536|,1,1,6144
prefill-decode,0,decode,436,FULLY_CONNECTED,1,1536,6144,1,1,6144|1536,6144|,1,1,1536
prefill-decode,0,decode,441,FULLY_CONNECTED,1,256,1536,1,1,1536|256,1536|,1,1,256
prefill-decode,0,decode,446,FULLY_CONNECTED,1,1536,256,1,1,256|1536,256|,1,1,1536
prefill-decode,0,decode,453,FULLY_CONNECTED,1,2048,1536,1,1,1536|2048,1536|,1,1,2048
prefill-decode,0,decode,456,FULLY_CONNECTED,1,256,1536,1,1,1536|256,1536|,1,1,256
prefill-decode,0,decode,459,FULLY_CONNECTED,1,256,1536,1,1,1536|256,1536|,1,1,256
prefill-decode,0,decode,491,FULLY_CONNECTED,1,1536,2048,1,1,2048|1536,2048|,1,1,1536
prefill-decode,0,decode,497,FULLY_CONNECTED,1,6144,1536,1,1,1536|6144,1536|,1,1,6144
prefill-decode,0,decode,499,FULLY_CONNECTED,1,6144,1536,1,1,1536|6144,1536|,1,1,6144
prefill-decode,0,decode,504,FULLY_CONNECTED,1,1536,6144,1,1,6144|1536,6144|,1,1,1536
prefill-decode,0,decode,509,FULLY_CONNECTED,1,256,1536,1,1,1536|256,1536|,1,1,256
prefill-decode,0,decode,514,FULLY_CONNECTED,1,1536,256,1,1,256|1536,256|,1,1,1536
prefill-decode,0,decode,521,FULLY_CONNECTED,1,2048,1536,1,1,1536|2048,1536|,1,1,2048
prefill-decode,0,decode,524,FULLY_CONNECTED,1,256,1536,1,1,1536|256,1536|,1,1,256
prefill-decode,0,decode,527,FULLY_CONNECTED,1,256,1536,1,1,1536|256,1536|,1,1,256
prefill-decode,0,decode,559,FULLY_CONNECTED,1,1536,2048,1,1,2048|1536,2048|,1,1,1536
prefill-decode,0,decode,565,FULLY_CONNECTED,1,6144,1536,1,1,1536|6144,1536|,1,1,6144
prefill-decode,0,decode,567,FULLY_CONNECTED,1,6144,1536,1,1,1536|6144,1536|,1,1,6144
prefill-decode,0,decode,572,FULLY_CONNECTED,1,1536,6144,1,1,6144|1536,6144|,1,1,1536
prefill-decode,0,decode,577,FULLY_CONNECTED,1,256,1536,1,1,1536|256,1536|,1,1,256
prefill-decode,0,decode,582,FULLY_CONNECTED,1,1536,256,1,1,256|1536,256|,1,1,1536
prefill-decode,0,decode,589,FULLY_CONNECTED,1,2048,1536,1,1,1536|2048,1536|,1,1,2048
prefill-decode,0,decode,592,FULLY_CONNECTED,1,256,1536,1,1,1536|256,1536|,1,1,256
prefill-decode,0,decode,595,FULLY_CONNECTED,1,256,1536,1,1,1536|256,1536|,1,1,256
prefill-decode,0,decode,627,FULLY_CONNECTED,1,1536,2048,1,1,2048|1536,2048|,1,1,1536
prefill-decode,0,decode,633,FULLY_CONNECTED,1,6144,1536,1,1,1536|6144,1536|,1,1,6144
prefill-decode,0,decode,635,FULLY_CONNECTED,1,6144,1536,1,1,1536|6144,1536|,1,1,6144
prefill-decode,0,decode,640,FULLY_CONNECTED,1,1536,6144,1,1,6144|1536,6144|,1,1,1536
prefill-decode,0,decode,645,FULLY_CONNECTED,1,256,1536,1,1,1536|256,1536|,1,1,256
prefill-decode,0,decode,650,FULLY_CONNECTED,1,1536,256,1,1,256|1536,256|,1,1,1536
prefill-decode,0,decode,657,FULLY_CONNECTED,1,4096,1536,1,1,1536|4096,1536|,1,1,4096
prefill-decode,0,decode,660,FULLY_CONNECTED,1,512,1536,1,1,1536|512,1536|,1,1,512
prefill-decode,0,decode,663,FULLY_CONNECTED,1,512,1536,1,1,1536|512,1536|,1,1,512
prefill-decode,0,decode,695,FULLY_CONNECTED,1,1536,4096,1,1,4096|1536,4096|,1,1,1536
prefill-decode,0,decode,701,FULLY_CONNECTED,1,6144,1536,1,1,1536|6144,1536|,1,1,6144
prefill-decode,0,decode,703,FULLY_CONNECTED,1,6144,1536,1,1,1536|6144,1536|,1,1,6144
prefill-decode,0,decode,708,FULLY_CONNECTED,1,1536,6144,1,1,6144|1536,6144|,1,1,1536
prefill-decode,0,decode,713,FULLY_CONNECTED,1,256,1536,1,1,1536|256,1536|,1,1,256
prefill-decode,0,decode,718,FULLY_CONNECTED,1,1536,256,1,1,256|1536,256|,1,1,1536
prefill-decode,0,decode,725,FULLY_CONNECTED,1,2048,1536,1,1,1536|2048,1536|,1,1,2048
prefill-decode,0,decode,728,FULLY_CONNECTED,1,256,1536,1,1,1536|256,1536|,1,1,256
prefill-decode,0,decode,731,FULLY_CONNECTED,1,256,1536,1,1,1536|256,1536|,1,1,256
prefill-decode,0,decode,763,FULLY_CONNECTED,1,1536,2048,1,1,2048|1536,2048|,1,1,1536
prefill-decode,0,decode,769,FULLY_CONNECTED,1,6144,1536,1,1,1536|6144,1536|,1,1,6144
prefill-decode,0,decode,771,FULLY_CONNECTED,1,6144,1536,1,1,1536|6144,1536|,1,1,6144
prefill-decode,0,decode,776,FULLY_CONNECTED,1,1536,6144,1,1,6144|1536,6144|,1,1,1536
prefill-decode,0,decode,781,FULLY_CONNECTED,1,256,1536,1,1,1536|256,1536|,1,1,256
prefill-decode,0,decode,786,FULLY_CONNECTED,1,1536,256,1,1,256|1536,256|,1,1,1536
prefill-decode,0,decode,793,FULLY_CONNECTED,1,2048,1536,1,1,1536|2048,1536|,1,1,2048
prefill-decode,0,decode,796,FULLY_CONNECTED,1,256,1536,1,1,1536|256,1536|,1,1,256
prefill-decode,0,decode,799,FULLY_CONNECTED,1,256,1536,1,1,1536|256,1536|,1,1,256
prefill-decode,0,decode,831,FULLY_CONNECTED,1,1536,2048,1,1,2048|1536,2048|,1,1,1536
prefill-decode,0,decode,837,FULLY_CONNECTED,1,6144,1536,1,1,1536|6144,1536|,1,1,6144
prefill-decode,0,decode,839,FULLY_CONNECTED,1,6144,1536,1,1,1536|6144,1536|,1,1,6144
prefill-decode,0,decode,844,FULLY_CONNECTED,1,1536,6144,1,1,6144|1536,6144|,1,1,1536
prefill-decode,0,decode,849,FULLY_CONNECTED,1,256,1536,1,1,1536|256,1536|,1,1,256
prefill-decode,0,decode,854,FULLY_CONNECTED,1,1536,256,1,1,256|1536,256|,1,1,1536
prefill-decode,0,decode,861,FULLY_CONNECTED,1,2048,1536,1,1,1536|2048,1536|,1,1,2048
prefill-decode,0,decode,864,FULLY_CONNECTED,1,256,1536,1,1,1536|256,1536|,1,1,256
prefill-decode,0,decode,867,FULLY_CONNECTED,1,256,1536,1,1,1536|256,1536|,1,1,256
prefill-decode,0,decode,899,FULLY_CONNECTED,1,1536,2048,1,1,2048|1536,2048|,1,1,1536
prefill-decode,0,decode,905,FULLY_CONNECTED,1,6144,1536,1,1,1536|6144,1536|,1,1,6144
prefill-decode,0,decode,907,FULLY_CONNECTED,1,6144,1536,1,1,1536|6144,1536|,1,1,6144
prefill-decode,0,decode,912,FULLY_CONNECTED,1,1536,6144,1,1,6144|1536,6144|,1,1,1536
prefill-decode,0,decode,917,FULLY_CONNECTED,1,256,1536,1,1,1536|256,1536|,1,1,256
prefill-decode,0,decode,922,FULLY_CONNECTED,1,1536,256,1,1,256|1536,256|,1,1,1536
prefill-decode,0,decode,929,FULLY_CONNECTED,1,2048,1536,1,1,1536|2048,1536|,1,1,2048
prefill-decode,0,decode,932,FULLY_CONNECTED,1,256,1536,1,1,1536|256,1536|,1,1,256
prefill-decode,0,decode,935,FULLY_CONNECTED,1,256,1536,1,1,1536|256,1536|,1,1,256
prefill-decode,0,decode,967,FULLY_CONNECTED,1,1536,2048,1,1,2048|1536,2048|,1,1,1536
prefill-decode,0,decode,973,FULLY_CONNECTED,1,6144,1536,1,1,1536|6144,1536|,1,1,6144
prefill-decode,0,decode,975,FULLY_CONNECTED,1,6144,1536,1,1,1536|6144,1536|,1,1,6144
prefill-decode,0,decode,980,FULLY_CONNECTED,1,1536,6144,1,1,6144|1536,6144|,1,1,1536
prefill-decode,0,decode,985,FULLY_CONNECTED,1,256,1536,1,1,1536|256,1536|,1,1,256
prefill-decode,0,decode,990,FULLY_CONNECTED,1,1536,256,1,1,256|1536,256|,1,1,1536
prefill-decode,0,decode,997,FULLY_CONNECTED,1,4096,1536,1,1,1536|4096,1536|,1,1,4096
prefill-decode,0,decode,1000,FULLY_CONNECTED,1,512,1536,1,1,1536|512,1536|,1,1,512
prefill-decode,0,decode,1003,FULLY_CONNECTED,1,512,1536,1,1,1536|512,1536|,1,1,512
prefill-decode,0,decode,1035,FULLY_CONNECTED,1,1536,4096,1,1,4096|1536,4096|,1,1,1536
prefill-decode,0,decode,1041,FULLY_CONNECTED,1,6144,1536,1,1,1536|6144,1536|,1,1,6144
prefill-decode,0,decode,1043,FULLY_CONNECTED,1,6144,1536,1,1,1536|6144,1536|,1,1,6144
prefill-decode,0,decode,1048,FULLY_CONNECTED,1,1536,6144,1,1,6144|1536,6144|,1,1,1536
prefill-decode,0,decode,1053,FULLY_CONNECTED,1,256,1536,1,1,1536|256,1536|,1,1,256
prefill-decode,0,decode,1058,FULLY_CONNECTED,1,1536,256,1,1,256|1536,256|,1,1,1536
prefill-decode,0,decode,1065,FULLY_CONNECTED,1,2048,1536,1,1,1536|2048,1536|,1,1,2048
prefill-decode,0,decode,1085,FULLY_CONNECTED,1,1536,2048,1,1,2048|1536,2048|,1,1,1536
prefill-decode,0,decode,1091,FULLY_CONNECTED,1,12288,1536,1,1,1536|12288,1536|,1,1,12288
prefill-decode,0,decode,1093,FULLY_CONNECTED,1,12288,1536,1,1,1536|12288,1536|,1,1,12288
prefill-decode,0,decode,1098,FULLY_CONNECTED,1,1536,12288,1,1,12288|1536,12288|,1,1,1536
prefill-decode,0,decode,1103,FULLY_CONNECTED,1,256,1536,1,1,1536|256,1536|,1,1,256
prefill-decode,0,decode,1108,FULLY_CONNECTED,1,1536,256,1,1,256|1536,256|,1,1,1536
prefill-decode,0,decode,1115,FULLY_CONNECTED,1,2048,1536,1,1,1536|2048,1536|,1,1,2048
prefill-decode,0,decode,1135,FULLY_CONNECTED,1,1536,2048,1,1,2048|1536,2048|,1,1,1536
prefill-decode,0,decode,1141,FULLY_CONNECTED,1,12288,1536,1,1,1536|12288,1536|,1,1,12288
prefill-decode,0,decode,1143,FULLY_CONNECTED,1,12288,1536,1,1,1536|12288,1536|,1,1,12288
prefill-decode,0,decode,1148,FULLY_CONNECTED,1,1536,12288,1,1,12288|1536,12288|,1,1,1536
prefill-decode,0,decode,1153,FULLY_CONNECTED,1,256,1536,1,1,1536|256,1536|,1,1,256
prefill-decode,0,decode,1158,FULLY_CONNECTED,1,1536,256,1,1,256|1536,256|,1,1,1536
prefill-decode,0,decode,1165,FULLY_CONNECTED,1,2048,1536,1,1,1536|2048,1536|,1,1,2048
prefill-decode,0,decode,1185,FULLY_CONNECTED,1,1536,2048,1,1,2048|1536,2048|,1,1,1536
prefill-decode,0,decode,1191,FULLY_CONNECTED,1,12288,1536,1,1,1536|12288,1536|,1,1,12288
prefill-decode,0,decode,1193,FULLY_CONNECTED,1,12288,1536,1,1,1536|12288,1536|,1,1,12288
prefill-decode,0,decode,1198,FULLY_CONNECTED,1,1536,12288,1,1,12288|1536,12288|,1,1,1536
prefill-decode,0,decode,1203,FULLY_CONNECTED,1,256,1536,1,1,1536|256,1536|,1,1,256
prefill-decode,0,decode,1208,FULLY_CONNECTED,1,1536,256,1,1,256|1536,256|,1,1,1536
prefill-decode,0,decode,1215,FULLY_CONNECTED,1,2048,1536,1,1,1536|2048,1536|,1,1,2048
prefill-decode,0,decode,1235,FULLY_CONNECTED,1,1536,2048,1,1,2048|1536,2048|,1,1,1536
prefill-decode,0,decode,1241,FULLY_CONNECTED,1,12288,1536,1,1,1536|12288,1536|,1,1,12288
prefill-decode,0,decode,1243,FULLY_CONNECTED,1,12288,1536,1,1,1536|12288,1536|,1,1,12288
prefill-decode,0,decode,1248,FULLY_CONNECTED,1,1536,12288,1,1,12288|1536,12288|,1,1,1536
prefill-decode,0,decode,1253,FULLY_CONNECTED,1,256,1536,1,1,1536|256,1536|,1,1,256
prefill-decode,0,decode,1258,FULLY_CONNECTED,1,1536,256,1,1,256|1536,256|,1,1,1536
prefill-decode,0,decode,1265,FULLY_CONNECTED,1,4096,1536,1,1,1536|4096,1536|,1,1,4096
prefill-decode,0,decode,1285,FULLY_CONNECTED,1,1536,4096,1,1,4096|1536,4096|,1,1,1536
prefill-decode,0,decode,1291,FULLY_CONNECTED,1,12288,1536,1,1,1536|12288,1536|,1,1,12288
prefill-decode,0,decode,1293,FULLY_CONNECTED,1,12288,1536,1,1,1536|12288,1536|,1,1,12288
prefill-decode,0,decode,1298,FULLY_CONNECTED,1,1536,12288,1,1,12288|1536,12288|,1,1,1536
prefill-decode,0,decode,1303,FULLY_CONNECTED,1,256,1536,1,1,1536|256,1536|,1,1,256
prefill-decode,0,decode,1308,FULLY_CONNECTED,1,1536,256,1,1,256|1536,256|,1,1,1536
prefill-decode,0,decode,1315,FULLY_CONNECTED,1,2048,1536,1,1,1536|2048,1536|,1,1,2048
prefill-decode,0,decode,1335,FULLY_CONNECTED,1,1536,2048,1,1,2048|1536,2048|,1,1,1536
prefill-decode,0,decode,1341,FULLY_CONNECTED,1,12288,1536,1,1,1536|12288,1536|,1,1,12288
prefill-decode,0,decode,1343,FULLY_CONNECTED,1,12288,1536,1,1,1536|12288,1536|,1,1,12288
prefill-decode,0,decode,1348,FULLY_CONNECTED,1,1536,12288,1,1,12288|1536,12288|,1,1,1536
prefill-decode,0,decode,1353,FULLY_CONNECTED,1,256,1536,1,1,1536|256,1536|,1,1,256
prefill-decode,0,decode,1358,FULLY_CONNECTED,1,1536,256,1,1,256|1536,256|,1,1,1536
prefill-decode,0,decode,1365,FULLY_CONNECTED,1,2048,1536,1,1,1536|2048,1536|,1,1,2048
prefill-decode,0,decode,1385,FULLY_CONNECTED,1,1536,2048,1,1,2048|1536,2048|,1,1,1536
prefill-decode,0,decode,1391,FULLY_CONNECTED,1,12288,1536,1,1,1536|12288,1536|,1,1,12288
prefill-decode,0,decode,1393,FULLY_CONNECTED,1,12288,1536,1,1,1536|12288,1536|,1,1,12288
prefill-decode,0,decode,1398,FULLY_CONNECTED,1,1536,12288,1,1,12288|1536,12288|,1,1,1536
prefill-decode,0,decode,1403,FULLY_CONNECTED,1,256,1536,1,1,1536|256,1536|,1,1,256
prefill-decode,0,decode,1408,FULLY_CONNECTED,1,1536,256,1,1,256|1536,256|,1,1,1536
prefill-decode,0,decode,1415,FULLY_CONNECTED,1,2048,1536,1,1,1536|2048,1536|,1,1,2048
prefill-decode,0,decode,1435,FULLY_CONNECTED,1,1536,2048,1,1,2048|1536,2048|,1,1,1536
prefill-decode,0,decode,1441,FULLY_CONNECTED,1,12288,1536,1,1,1536|12288,1536|,1,1,12288
prefill-decode,0,decode,1443,FULLY_CONNECTED,1,12288,1536,1,1,1536|12288,1536|,1,1,12288
prefill-decode,0,decode,1448,FULLY_CONNECTED,1,1536,12288,1,1,12288|1536,12288|,1,1,1536
prefill-decode,0,decode,1453,FULLY_CONNECTED,1,256,1536,1,1,1536|256,1536|,1,1,256
prefill-decode,0,decode,1458,FULLY_CONNECTED,1,1536,256,1,1,256|1536,256|,1,1,1536
prefill-decode,0,decode,1465,FULLY_CONNECTED,1,2048,1536,1,1,1536|2048,1536|,1,1,2048
prefill-decode,0,decode,1485,FULLY_CONNECTED,1,1536,2048,1,1,2048|1536,2048|,1,1,1536
prefill-decode,0,decode,1491,FULLY_CONNECTED,1,12288,1536,1,1,1536|12288,1536|,1,1,12288
prefill-decode,0,decode,1493,FULLY_CONNECTED,1,12288,1536,1,1,1536|12288,1536|,1,1,12288
prefill-decode,0,decode,1498,FULLY_CONNECTED,1,1536,12288,1,1,12288|1536,12288|,1,1,1536
prefill-decode,0,decode,1503,FULLY_CONNECTED,1,256,1536,1,1,1536|256,1536|,1,1,256
prefill-decode,0,decode,1508,FULLY_CONNECTED,1,1536,256,1,1,256|1536,256|,1,1,1536
prefill-decode,0,decode,1515,FULLY_CONNECTED,1,4096,1536,1,1,1536|4096,1536|,1,1,4096
prefill-decode,0,decode,1535,FULLY_CONNECTED,1,1536,4096,1,1,4096|1536,4096|,1,1,1536
prefill-decode,0,decode,1541,FULLY_CONNECTED,1,12288,1536,1,1,1536|12288,1536|,1,1,12288
prefill-decode,0,decode,1543,FULLY_CONNECTED,1,12288,1536,1,1,1536|12288,1536|,1,1,12288
prefill-decode,0,decode,1548,FULLY_CONNECTED,1,1536,12288,1,1,12288|1536,12288|,1,1,1536
prefill-decode,0,decode,1553,FULLY_CONNECTED,1,256,1536,1,1,1536|256,1536|,1,1,256
prefill-decode,0,decode,1558,FULLY_CONNECTED,1,1536,256,1,1,256|1536,256|,1,1,1536
prefill-decode,0,decode,1565,FULLY_CONNECTED,1,2048,1536,1,1,1536|2048,1536|,1,1,2048
prefill-decode,0,decode,1585,FULLY_CONNECTED,1,1536,2048,1,1,2048|1536,2048|,1,1,1536
prefill-decode,0,decode,1591,FULLY_CONNECTED,1,12288,1536,1,1,1536|12288,1536|,1,1,12288
prefill-decode,0,decode,1593,FULLY_CONNECTED,1,12288,1536,1,1,1536|12288,1536|,1,1,12288
prefill-decode,0,decode,1598,FULLY_CONNECTED,1,1536,12288,1,1,12288|1536,12288|,1,1,1536
prefill-decode,0,decode,1603,FULLY_CONNECTED,1,256,1536,1,1,1536|256,1536|,1,1,256
prefill-decode,0,decode,1608,FULLY_CONNECTED,1,1536,256,1,1,256|1536,256|,1,1,1536
prefill-decode,0,decode,1615,FULLY_CONNECTED,1,2048,1536,1,1,1536|2048,1536|,1,1,2048
prefill-decode,0,decode,1635,FULLY_CONNECTED,1,1536,2048,1,1,2048|1536,2048|,1,1,1536
prefill-decode,0,decode,1641,FULLY_CONNECTED,1,12288,1536,1,1,1536|12288,1536|,1,1,12288
prefill-decode,0,decode,1643,FULLY_CONNECTED,1,12288,1536,1,1,1536|12288,1536|,1,1,12288
prefill-decode,0,decode,1648,FULLY_CONNECTED,1,1536,12288,1,1,12288|1536,12288|,1,1,1536
prefill-decode,0,decode,1653,FULLY_CONNECTED,1,256,1536,1,1,1536|256,1536|,1,1,256
prefill-decode,0,decode,1658,FULLY_CONNECTED,1,1536,256,1,1,256|1536,256|,1,1,1536
prefill-decode,0,decode,1665,FULLY_CONNECTED,1,2048,1536,1,1,1536|2048,1536|,1,1,2048
prefill-decode,0,decode,1685,FULLY_CONNECTED,1,1536,2048,1,1,2048|1536,2048|,1,1,1536
prefill-decode,0,decode,1691,FULLY_CONNECTED,1,12288,1536,1,1,1536|12288,1536|,1,1,12288
prefill-decode,0,decode,1693,FULLY_CONNECTED,1,12288,1536,1,1,1536|12288,1536|,1,1,12288
prefill-decode,0,decode,1698,FULLY_CONNECTED,1,1536,12288,1,1,12288|1536,12288|,1,1,1536
prefill-decode,0,decode,1703,FULLY_CONNECTED,1,256,1536,1,1,1536|256,1536|,1,1,256
prefill-decode,0,decode,1708,FULLY_CONNECTED,1,1536,256,1,1,256|1536,256|,1,1,1536
prefill-decode,0,decode,1715,FULLY_CONNECTED,1,2048,1536,1,1,1536|2048,1536|,1,1,2048
prefill-decode,0,decode,1735,FULLY_CONNECTED,1,1536,2048,1,1,2048|1536,2048|,1,1,1536
prefill-decode,0,decode,1741,FULLY_CONNECTED,1,12288,1536,1,1,1536|12288,1536|,1,1,12288
prefill-decode,0,decode,1743,FULLY_CONNECTED,1,12288,1536,1,1,1536|12288,1536|,1,1,12288
prefill-decode,0,decode,1748,FULLY_CONNECTED,1,1536,12288,1,1,12288|1536,12288|,1,1,1536
prefill-decode,0,decode,1753,FULLY_CONNECTED,1,256,1536,1,1,1536|256,1536|,1,1,256
prefill-decode,0,decode,1758,FULLY_CONNECTED,1,1536,256,1,1,256|1536,256|,1,1,1536
prefill-decode,0,decode,1765,FULLY_CONNECTED,1,4096,1536,1,1,1536|4096,1536|,1,1,4096
prefill-decode,0,decode,1785,FULLY_CONNECTED,1,1536,4096,1,1,4096|1536,4096|,1,1,1536
prefill-decode,0,decode,1791,FULLY_CONNECTED,1,12288,1536,1,1,1536|12288,1536|,1,1,12288
prefill-decode,0,decode,1793,FULLY_CONNECTED,1,12288,1536,1,1,1536|12288,1536|,1,1,12288
prefill-decode,0,decode,1798,FULLY_CONNECTED,1,1536,12288,1,1,12288|1536,12288|,1,1,1536
prefill-decode,0,decode,1803,FULLY_CONNECTED,1,256,1536,1,1,1536|256,1536|,1,1,256
prefill-decode,0,decode,1808,FULLY_CONNECTED,1,1536,256,1,1,256|1536,256|,1,1,1536
prefill-decode,0,decode,1815,FULLY_CONNECTED,1,2048,1536,1,1,1536|2048,1536|,1,1,2048
prefill-decode,0,decode,1835,FULLY_CONNECTED,1,1536,2048,1,1,2048|1536,2048|,1,1,1536
prefill-decode,0,decode,1841,FULLY_CONNECTED,1,12288,1536,1,1,1536|12288,1536|,1,1,12288
prefill-decode,0,decode,1843,FULLY_CONNECTED,1,12288,1536,1,1,1536|12288,1536|,1,1,12288
prefill-decode,0,decode,1848,FULLY_CONNECTED,1,1536,12288,1,1,12288|1536,12288|,1,1,1536
prefill-decode,0,decode,1853,FULLY_CONNECTED,1,256,1536,1,1,1536|256,1536|,1,1,256
prefill-decode,0,decode,1858,FULLY_CONNECTED,1,1536,256,1,1,256|1536,256|,1,1,1536
prefill-decode,0,decode,1865,FULLY_CONNECTED,1,2048,1536,1,1,1536|2048,1536|,1,1,2048
prefill-decode,0,decode,1885,FULLY_CONNECTED,1,1536,2048,1,1,2048|1536,2048|,1,1,1536
prefill-decode,0,decode,1891,FULLY_CONNECTED,1,12288,1536,1,1,1536|12288,1536|,1,1,12288
prefill-decode,0,decode,1893,FULLY_CONNECTED,1,12288,1536,1,1,1536|12288,1536|,1,1,12288
prefill-decode,0,decode,1898,FULLY_CONNECTED,1,1536,12288,1,1,12288|1536,12288|,1,1,1536
prefill-decode,0,decode,1903,FULLY_CONNECTED,1,256,1536,1,1,1536|256,1536|,1,1,256
prefill-decode,0,decode,1908,FULLY_CONNECTED,1,1536,256,1,1,256|1536,256|,1,1,1536
prefill-decode,0,decode,1915,FULLY_CONNECTED,1,2048,1536,1,1,1536|2048,1536|,1,1,2048
prefill-decode,0,decode,1935,FULLY_CONNECTED,1,1536,2048,1,1,2048|1536,2048|,1,1,1536
prefill-decode,0,decode,1941,FULLY_CONNECTED,1,12288,1536,1,1,1536|12288,1536|,1,1,12288
prefill-decode,0,decode,1943,FULLY_CONNECTED,1,12288,1536,1,1,1536|12288,1536|,1,1,12288
prefill-decode,0,decode,1948,FULLY_CONNECTED,1,1536,12288,1,1,12288|1536,12288|,1,1,1536
prefill-decode,0,decode,1953,FULLY_CONNECTED,1,256,1536,1,1,1536|256,1536|,1,1,256
prefill-decode,0,decode,1958,FULLY_CONNECTED,1,1536,256,1,1,256|1536,256|,1,1,1536
prefill-decode,0,decode,1965,FULLY_CONNECTED,1,2048,1536,1,1,1536|2048,1536|,1,1,2048
prefill-decode,0,decode,1985,FULLY_CONNECTED,1,1536,2048,1,1,2048|1536,2048|,1,1,1536
prefill-decode,0,decode,1991,FULLY_CONNECTED,1,12288,1536,1,1,1536|12288,1536|,1,1,12288
prefill-decode,0,decode,1993,FULLY_CONNECTED,1,12288,1536,1,1,1536|12288,1536|,1,1,12288
prefill-decode,0,decode,1998,FULLY_CONNECTED,1,1536,12288,1,1,12288|1536,12288|,1,1,1536
prefill-decode,0,decode,2003,FULLY_CONNECTED,1,256,1536,1,1,1536|256,1536|,1,1,256
prefill-decode,0,decode,2008,FULLY_CONNECTED,1,1536,256,1,1,256|1536,256|,1,1,1536
prefill-decode,0,decode,2015,FULLY_CONNECTED,1,4096,1536,1,1,1536|4096,1536|,1,1,4096
prefill-decode,0,decode,2035,FULLY_CONNECTED,1,1536,4096,1,1,4096|1536,4096|,1,1,1536
prefill-decode,0,decode,2041,FULLY_CONNECTED,1,12288,1536,1,1,1536|12288,1536|,1,1,12288
prefill-decode,0,decode,2043,FULLY_CONNECTED,1,12288,1536,1,1,1536|12288,1536|,1,1,12288
prefill-decode,0,decode,2048,FULLY_CONNECTED,1,1536,12288,1,1,12288|1536,12288|,1,1,1536
prefill-decode,0,decode,2053,FULLY_CONNECTED,1,256,1536,1,1,1536|256,1536|,1,1,256
prefill-decode,0,decode,2058,FULLY_CONNECTED,1,1536,256,1,1,256|1536,256|,1,1,1536
prefill-decode,0,decode,2064,FULLY_CONNECTED,1,262144,1536,1,1,1536|262144,1536|,1,1,262144
prefill-decode,1,prefill_1024,4,FULLY_CONNECTED,1024,8960,1536,1,1024,1536|8960,1536|,1,1024,8960
prefill-decode,1,prefill_1024,14,FULLY_CONNECTED,1024,2048,1536,1,1024,1536|2048,1536|,1,1024,2048
prefill-decode,1,prefill_1024,17,FULLY_CONNECTED,1024,256,1536,1,1024,1536|256,1536|,1,1024,256
prefill-decode,1,prefill_1024,20,FULLY_CONNECTED,1024,256,1536,1,1024,1536|256,1536|,1,1024,256
prefill-decode,1,prefill_1024,84,FULLY_CONNECTED,1024,1536,2048,1,1024,2048|1536,2048|,1,1024,1536
prefill-decode,1,prefill_1024,90,FULLY_CONNECTED,1024,6144,1536,1,1024,1536|6144,1536|,1,1024,6144
prefill-decode,1,prefill_1024,92,FULLY_CONNECTED,1024,6144,1536,1,1024,1536|6144,1536|,1,1024,6144
prefill-decode,1,prefill_1024,97,FULLY_CONNECTED,1024,1536,6144,1,1024,6144|1536,6144|,1,1024,1536
prefill-decode,1,prefill_1024,102,FULLY_CONNECTED,1024,256,1536,1,1024,1536|256,1536|,1,1024,256
prefill-decode,1,prefill_1024,107,FULLY_CONNECTED,1024,1536,256,1,1024,256|1536,256|,1,1024,1536
prefill-decode,1,prefill_1024,114,FULLY_CONNECTED,1024,2048,1536,1,1024,1536|2048,1536|,1,1024,2048
prefill-decode,1,prefill_1024,117,FULLY_CONNECTED,1024,256,1536,1,1024,1536|256,1536|,1,1024,256
prefill-decode,1,prefill_1024,120,FULLY_CONNECTED,1024,256,1536,1,1024,1536|256,1536|,1,1024,256
prefill-decode,1,prefill_1024,158,FULLY_CONNECTED,1024,1536,2048,1,1024,2048|1536,2048|,1,1024,1536
prefill-decode,1,prefill_1024,164,FULLY_CONNECTED,1024,6144,1536,1,1024,1536|6144,1536|,1,1024,6144
prefill-decode,1,prefill_1024,166,FULLY_CONNECTED,1024,6144,1536,1,1024,1536|6144,1536|,1,1024,6144
prefill-decode,1,prefill_1024,171,FULLY_CONNECTED,1024,1536,6144,1,1024,6144|1536,6144|,1,1024,1536
prefill-decode,1,prefill_1024,176,FULLY_CONNECTED,1024,256,1536,1,1024,1536|256,1536|,1,1024,256
prefill-decode,1,prefill_1024,181,FULLY_CONNECTED,1024,1536,256,1,1024,256|1536,256|,1,1024,1536
prefill-decode,1,prefill_1024,188,FULLY_CONNECTED,1024,2048,1536,1,1024,1536|2048,1536|,1,1024,2048
prefill-decode,1,prefill_1024,191,FULLY_CONNECTED,1024,256,1536,1,1024,1536|256,1536|,1,1024,256
prefill-decode,1,prefill_1024,194,FULLY_CONNECTED,1024,256,1536,1,1024,1536|256,1536|,1,1024,256
prefill-decode,1,prefill_1024,232,FULLY_CONNECTED,1024,1536,2048,1,1024,2048|1536,2048|,1,1024,1536
prefill-decode,1,prefill_1024,238,FULLY_CONNECTED,1024,6144,1536,1,1024,1536|6144,1536|,1,1024,6144
prefill-decode,1,prefill_1024,240,FULLY_CONNECTED,1024,6144,1536,1,1024,1536|6144,1536|,1,1024,6144
prefill-decode,1,prefill_1024,245,FULLY_CONNECTED,1024,1536,6144,1,1024,6144|1536,6144|,1,1024,1536
prefill-decode,1,prefill_1024,250,FULLY_CONNECTED,1024,256,1536,1,1024,1536|256,1536|,1,1024,256
prefill-decode,1,prefill_1024,255,FULLY_CONNECTED,1024,1536,256,1,1024,256|1536,256|,1,1024,1536
prefill-decode,1,prefill_1024,262,FULLY_CONNECTED,1024,2048,1536,1,1024,1536|2048,1536|,1,1024,2048
prefill-decode,1,prefill_1024,265,FULLY_CONNECTED,1024,256,1536,1,1024,1536|256,1536|,1,1024,256
prefill-decode,1,prefill_1024,268,FULLY_CONNECTED,1024,256,1536,1,1024,1536|256,1536|,1,1024,256
prefill-decode,1,prefill_1024,306,FULLY_CONNECTED,1024,1536,2048,1,1024,2048|1536,2048|,1,1024,1536
prefill-decode,1,prefill_1024,312,FULLY_CONNECTED,1024,6144,1536,1,1024,1536|6144,1536|,1,1024,6144
prefill-decode,1,prefill_1024,314,FULLY_CONNECTED,1024,6144,1536,1,1024,1536|6144,1536|,1,1024,6144
prefill-decode,1,prefill_1024,319,FULLY_CONNECTED,1024,1536,6144,1,1024,6144|1536,6144|,1,1024,1536
prefill-decode,1,prefill_1024,324,FULLY_CONNECTED,1024,256,1536,1,1024,1536|256,1536|,1,1024,256
prefill-decode,1,prefill_1024,329,FULLY_CONNECTED,1024,1536,256,1,1024,256|1536,256|,1,1024,1536
prefill-decode,1,prefill_1024,336,FULLY_CONNECTED,1024,4096,1536,1,1024,1536|4096,1536|,1,1024,4096
prefill-decode,1,prefill_1024,339,FULLY_CONNECTED,1024,512,1536,1,1024,1536|512,1536|,1,1024,512
prefill-decode,1,prefill_1024,342,FULLY_CONNECTED,1024,512,1536,1,1024,1536|512,1536|,1,1024,512
prefill-decode,1,prefill_1024,391,FULLY_CONNECTED,1024,1536,4096,1,1024,4096|1536,4096|,1,1024,1536
prefill-decode,1,prefill_1024,397,FULLY_CONNECTED,1024,6144,1536,1,1024,1536|6144,1536|,1,1024,6144
prefill-decode,1,prefill_1024,399,FULLY_CONNECTED,1024,6144,1536,1,1024,1536|6144,1536|,1,1024,6144
prefill-decode,1,prefill_1024,404,FULLY_CONNECTED,1024,1536,6144,1,1024,6144|1536,6144|,1,1024,1536
prefill-decode,1,prefill_1024,409,FULLY_CONNECTED,1024,256,1536,1,1024,1536|256,1536|,1,1024,256
prefill-decode,1,prefill_1024,414,FULLY_CONNECTED,1024,1536,256,1,1024,256|1536,256|,1,1024,1536
prefill-decode,1,prefill_1024,421,FULLY_CONNECTED,1024,2048,1536,1,1024,1536|2048,1536|,1,1024,2048
prefill-decode,1,prefill_1024,424,FULLY_CONNECTED,1024,256,1536,1,1024,1536|256,1536|,1,1024,256
prefill-decode,1,prefill_1024,427,FULLY_CONNECTED,1024,256,1536,1,1024,1536|256,1536|,1,1024,256
prefill-decode,1,prefill_1024,465,FULLY_CONNECTED,1024,1536,2048,1,1024,2048|1536,2048|,1,1024,1536
prefill-decode,1,prefill_1024,471,FULLY_CONNECTED,1024,6144,1536,1,1024,1536|6144,1536|,1,1024,6144
prefill-decode,1,prefill_1024,473,FULLY_CONNECTED,1024,6144,1536,1,1024,1536|6144,1536|,1,1024,6144
prefill-decode,1,prefill_1024,478,FULLY_CONNECTED,1024,1536,6144,1,1024,6144|1536,6144|,1,1024,1536
prefill-decode,1,prefill_1024,483,FULLY_CONNECTED,1024,256,1536,1,1024,1536|256,1536|,1,1024,256
prefill-decode,1,prefill_1024,488,FULLY_CONNECTED,1024,1536,256,1,1024,256|1536,256|,1,1024,1536
prefill-decode,1,prefill_1024,495,FULLY_CONNECTED,1024,2048,1536,1,1024,1536|2048,1536|,1,1024,2048
prefill-decode,1,prefill_1024,498,FULLY_CONNECTED,1024,256,1536,1,1024,1536|256,1536|,1,1024,256
prefill-decode,1,prefill_1024,501,FULLY_CONNECTED,1024,256,1536,1,1024,1536|256,1536|,1,1024,256
prefill-decode,1,prefill_1024,539,FULLY_CONNECTED,1024,1536,2048,1,1024,2048|1536,2048|,1,1024,1536
prefill-decode,1,prefill_1024,545,FULLY_CONNECTED,1024,6144,1536,1,1024,1536|6144,1536|,1,1024,6144
prefill-decode,1,prefill_1024,547,FULLY_CONNECTED,1024,6144,1536,1,1024,1536|6144,1536|,1,1024,6144
prefill-decode,1,prefill_1024,552,FULLY_CONNECTED,1024,1536,6144,1,1024,6144|1536,6144|,1,1024,1536
prefill-decode,1,prefill_1024,557,FULLY_CONNECTED,1024,256,1536,1,1024,1536|256,1536|,1,1024,256
prefill-decode,1,prefill_1024,562,FULLY_CONNECTED,1024,1536,256,1,1024,256|1536,256|,1,1024,1536
prefill-decode,1,prefill_1024,569,FULLY_CONNECTED,1024,2048,1536,1,1024,1536|2048,1536|,1,1024,2048
prefill-decode,1,prefill_1024,572,FULLY_CONNECTED,1024,256,1536,1,1024,1536|256,1536|,1,1024,256
prefill-decode,1,prefill_1024,575,FULLY_CONNECTED,1024,256,1536,1,1024,1536|256,1536|,1,1024,256
prefill-decode,1,prefill_1024,613,FULLY_CONNECTED,1024,1536,2048,1,1024,2048|1536,2048|,1,1024,1536
prefill-decode,1,prefill_1024,619,FULLY_CONNECTED,1024,6144,1536,1,1024,1536|6144,1536|,1,1024,6144
prefill-decode,1,prefill_1024,621,FULLY_CONNECTED,1024,6144,1536,1,1024,1536|6144,1536|,1,1024,6144
prefill-decode,1,prefill_1024,626,FULLY_CONNECTED,1024,1536,6144,1,1024,6144|1536,6144|,1,1024,1536
prefill-decode,1,prefill_1024,631,FULLY_CONNECTED,1024,256,1536,1,1024,1536|256,1536|,1,1024,256
prefill-decode,1,prefill_1024,636,FULLY_CONNECTED,1024,1536,256,1,1024,256|1536,256|,1,1024,1536
prefill-decode,1,prefill_1024,643,FULLY_CONNECTED,1024,2048,1536,1,1024,1536|2048,1536|,1,1024,2048
prefill-decode,1,prefill_1024,646,FULLY_CONNECTED,1024,256,1536,1,1024,1536|256,1536|,1,1024,256
prefill-decode,1,prefill_1024,649,FULLY_CONNECTED,1024,256,1536,1,1024,1536|256,1536|,1,1024,256
prefill-decode,1,prefill_1024,687,FULLY_CONNECTED,1024,1536,2048,1,1024,2048|1536,2048|,1,1024,1536
prefill-decode,1,prefill_1024,693,FULLY_CONNECTED,1024,6144,1536,1,1024,1536|6144,1536|,1,1024,6144
prefill-decode,1,prefill_1024,695,FULLY_CONNECTED,1024,6144,1536,1,1024,1536|6144,1536|,1,1024,6144
prefill-decode,1,prefill_1024,700,FULLY_CONNECTED,1024,1536,6144,1,1024,6144|1536,6144|,1,1024,1536
prefill-decode,1,prefill_1024,705,FULLY_CONNECTED,1024,256,1536,1,1024,1536|256,1536|,1,1024,256
prefill-decode,1,prefill_1024,710,FULLY_CONNECTED,1024,1536,256,1,1024,256|1536,256|,1,1024,1536
prefill-decode,1,prefill_1024,717,FULLY_CONNECTED,1024,4096,1536,1,1024,1536|4096,1536|,1,1024,4096
prefill-decode,1,prefill_1024,720,FULLY_CONNECTED,1024,512,1536,1,1024,1536|512,1536|,1,1024,512
prefill-decode,1,prefill_1024,723,FULLY_CONNECTED,1024,512,1536,1,1024,1536|512,1536|,1,1024,512
prefill-decode,1,prefill_1024,761,FULLY_CONNECTED,1024,1536,4096,1,1024,4096|1536,4096|,1,1024,1536
prefill-decode,1,prefill_1024,767,FULLY_CONNECTED,1024,6144,1536,1,1024,1536|6144,1536|,1,1024,6144
prefill-decode,1,prefill_1024,769,FULLY_CONNECTED,1024,6144,1536,1,1024,1536|6144,1536|,1,1024,6144
prefill-decode,1,prefill_1024,774,FULLY_CONNECTED,1024,1536,6144,1,1024,6144|1536,6144|,1,1024,1536
prefill-decode,1,prefill_1024,779,FULLY_CONNECTED,1024,256,1536,1,1024,1536|256,1536|,1,1024,256
prefill-decode,1,prefill_1024,784,FULLY_CONNECTED,1024,1536,256,1,1024,256|1536,256|,1,1024,1536
prefill-decode,1,prefill_1024,791,FULLY_CONNECTED,1024,2048,1536,1,1024,1536|2048,1536|,1,1024,2048
prefill-decode,1,prefill_1024,794,FULLY_CONNECTED,1024,256,1536,1,1024,1536|256,1536|,1,1024,256
prefill-decode,1,prefill_1024,797,FULLY_CONNECTED,1024,256,1536,1,1024,1536|256,1536|,1,1024,256
prefill-decode,1,prefill_1024,835,FULLY_CONNECTED,1024,1536,2048,1,1024,2048|1536,2048|,1,1024,1536
prefill-decode,1,prefill_1024,841,FULLY_CONNECTED,1024,6144,1536,1,1024,1536|6144,1536|,1,1024,6144
prefill-decode,1,prefill_1024,843,FULLY_CONNECTED,1024,6144,1536,1,1024,1536|6144,1536|,1,1024,6144
prefill-decode,1,prefill_1024,848,FULLY_CONNECTED,1024,1536,6144,1,1024,6144|1536,6144|,1,1024,1536
prefill-decode,1,prefill_1024,853,FULLY_CONNECTED,1024,256,1536,1,1024,1536|256,1536|,1,1024,256
prefill-decode,1,prefill_1024,858,FULLY_CONNECTED,1024,1536,256,1,1024,256|1536,256|,1,1024,1536
prefill-decode,1,prefill_1024,865,FULLY_CONNECTED,1024,2048,1536,1,1024,1536|2048,1536|,1,1024,2048
prefill-decode,1,prefill_1024,868,FULLY_CONNECTED,1024,256,1536,1,1024,1536|256,1536|,1,1024,256
prefill-decode,1,prefill_1024,871,FULLY_CONNECTED,1024,256,1536,1,1024,1536|256,1536|,1,1024,256
prefill-decode,1,prefill_1024,909,FULLY_CONNECTED,1024,1536,2048,1,1024,2048|1536,2048|,1,1024,1536
prefill-decode,1,prefill_1024,915,FULLY_CONNECTED,1024,6144,1536,1,1024,1536|6144,1536|,1,1024,6144
prefill-decode,1,prefill_1024,917,FULLY_CONNECTED,1024,6144,1536,1,1024,1536|6144,1536|,1,1024,6144
prefill-decode,1,prefill_1024,922,FULLY_CONNECTED,1024,1536,6144,1,1024,6144|1536,6144|,1,1024,1536
prefill-decode,1,prefill_1024,927,FULLY_CONNECTED,1024,256,1536,1,1024,1536|256,1536|,1,1024,256
prefill-decode,1,prefill_1024,932,FULLY_CONNECTED,1024,1536,256,1,1024,256|1536,256|,1,1024,1536
prefill-decode,1,prefill_1024,939,FULLY_CONNECTED,1024,2048,1536,1,1024,1536|2048,1536|,1,1024,2048
prefill-decode,1,prefill_1024,942,FULLY_CONNECTED,1024,256,1536,1,1024,1536|256,1536|,1,1024,256
prefill-decode,1,prefill_1024,945,FULLY_CONNECTED,1024,256,1536,1,1024,1536|256,1536|,1,1024,256
prefill-decode,1,prefill_1024,983,FULLY_CONNECTED,1024,1536,2048,1,1024,2048|1536,2048|,1,1024,1536
prefill-decode,1,prefill_1024,989,FULLY_CONNECTED,1024,6144,1536,1,1024,1536|6144,1536|,1,1024,6144
prefill-decode,1,prefill_1024,991,FULLY_CONNECTED,1024,6144,1536,1,1024,1536|6144,1536|,1,1024,6144
prefill-decode,1,prefill_1024,996,FULLY_CONNECTED,1024,1536,6144,1,1024,6144|1536,6144|,1,1024,1536
prefill-decode,1,prefill_1024,1001,FULLY_CONNECTED,1024,256,1536,1,1024,1536|256,1536|,1,1024,256
prefill-decode,1,prefill_1024,1006,FULLY_CONNECTED,1024,1536,256,1,1024,256|1536,256|,1,1024,1536
prefill-decode,1,prefill_1024,1013,FULLY_CONNECTED,1024,2048,1536,1,1024,1536|2048,1536|,1,1024,2048
prefill-decode,1,prefill_1024,1016,FULLY_CONNECTED,1024,256,1536,1,1024,1536|256,1536|,1,1024,256
prefill-decode,1,prefill_1024,1019,FULLY_CONNECTED,1024,256,1536,1,1024,1536|256,1536|,1,1024,256
prefill-decode,1,prefill_1024,1057,FULLY_CONNECTED,1024,1536,2048,1,1024,2048|1536,2048|,1,1024,1536
prefill-decode,1,prefill_1024,1063,FULLY_CONNECTED,1024,6144,1536,1,1024,1536|6144,1536|,1,1024,6144
prefill-decode,1,prefill_1024,1065,FULLY_CONNECTED,1024,6144,1536,1,1024,1536|6144,1536|,1,1024,6144
prefill-decode,1,prefill_1024,1070,FULLY_CONNECTED,1024,1536,6144,1,1024,6144|1536,6144|,1,1024,1536
prefill-decode,1,prefill_1024,1075,FULLY_CONNECTED,1024,256,1536,1,1024,1536|256,1536|,1,1024,256
prefill-decode,1,prefill_1024,1080,FULLY_CONNECTED,1024,1536,256,1,1024,256|1536,256|,1,1024,1536
prefill-decode,1,prefill_1024,1087,FULLY_CONNECTED,1024,512,1536,1,1024,1536|512,1536|,1,1024,512
prefill-decode,1,prefill_1024,1090,FULLY_CONNECTED,1024,512,1536,1,1024,1536|512,1536|,1,1024,512
prefill-decode,2,prefill_128,4,FULLY_CONNECTED,128,8960,1536,1,128,1536|8960,1536|,1,128,8960
prefill-decode,2,prefill_128,14,FULLY_CONNECTED,128,2048,1536,1,128,1536|2048,1536|,1,128,2048
prefill-decode,2,prefill_128,17,FULLY_CONNECTED,128,256,1536,1,128,1536|256,1536|,1,128,256
prefill-decode,2,prefill_128,20,FULLY_CONNECTED,128,256,1536,1,128,1536|256,1536|,1,128,256
prefill-decode,2,prefill_128,84,FULLY_CONNECTED,128,1536,2048,1,128,2048|1536,2048|,1,128,1536
prefill-decode,2,prefill_128,90,FULLY_CONNECTED,128,6144,1536,1,128,1536|6144,1536|,1,128,6144
prefill-decode,2,prefill_128,92,FULLY_CONNECTED,128,6144,1536,1,128,1536|6144,1536|,1,128,6144
prefill-decode,2,prefill_128,97,FULLY_CONNECTED,128,1536,6144,1,128,6144|1536,6144|,1,128,1536
prefill-decode,2,prefill_128,102,FULLY_CONNECTED,128,256,1536,1,128,1536|256,1536|,1,128,256
prefill-decode,2,prefill_128,107,FULLY_CONNECTED,128,1536,256,1,128,256|1536,256|,1,128,1536
prefill-decode,2,prefill_128,114,FULLY_CONNECTED,128,2048,1536,1,128,1536|2048,1536|,1,128,2048
prefill-decode,2,prefill_128,117,FULLY_CONNECTED,128,256,1536,1,128,1536|256,1536|,1,128,256
prefill-decode,2,prefill_128,120,FULLY_CONNECTED,128,256,1536,1,128,1536|256,1536|,1,128,256
prefill-decode,2,prefill_128,158,FULLY_CONNECTED,128,1536,2048,1,128,2048|1536,2048|,1,128,1536
prefill-decode,2,prefill_128,164,FULLY_CONNECTED,128,6144,1536,1,128,1536|6144,1536|,1,128,6144
prefill-decode,2,prefill_128,166,FULLY_CONNECTED,128,6144,1536,1,128,1536|6144,1536|,1,128,6144
prefill-decode,2,prefill_128,171,FULLY_CONNECTED,128,1536,6144,1,128,6144|1536,6144|,1,128,1536
prefill-decode,2,prefill_128,176,FULLY_CONNECTED,128,256,1536,1,128,1536|256,1536|,1,128,256
prefill-decode,2,prefill_128,181,FULLY_CONNECTED,128,1536,256,1,128,256|1536,256|,1,128,1536
prefill-decode,2,prefill_128,188,FULLY_CONNECTED,128,2048,1536,1,128,1536|2048,1536|,1,128,2048
prefill-decode,2,prefill_128,191,FULLY_CONNECTED,128,256,1536,1,128,1536|256,1536|,1,128,256
prefill-decode,2,prefill_128,194,FULLY_CONNECTED,128,256,1536,1,128,1536|256,1536|,1,128,256
prefill-decode,2,prefill_128,232,FULLY_CONNECTED,128,1536,2048,1,128,2048|1536,2048|,1,128,1536
prefill-decode,2,prefill_128,238,FULLY_CONNECTED,128,6144,1536,1,128,1536|6144,1536|,1,128,6144
prefill-decode,2,prefill_128,240,FULLY_CONNECTED,128,6144,1536,1,128,1536|6144,1536|,1,128,6144
prefill-decode,2,prefill_128,245,FULLY_CONNECTED,128,1536,6144,1,128,6144|1536,6144|,1,128,1536
prefill-decode,2,prefill_128,250,FULLY_CONNECTED,128,256,1536,1,128,1536|256,1536|,1,128,256
prefill-decode,2,prefill_128,255,FULLY_CONNECTED,128,1536,256,1,128,256|1536,256|,1,128,1536
prefill-decode,2,prefill_128,262,FULLY_CONNECTED,128,2048,1536,1,128,1536|2048,1536|,1,128,2048
prefill-decode,2,prefill_128,265,FULLY_CONNECTED,128,256,1536,1,128,1536|256,1536|,1,128,256
prefill-decode,2,prefill_128,268,FULLY_CONNECTED,128,256,1536,1,128,1536|256,1536|,1,128,256
prefill-decode,2,prefill_128,306,FULLY_CONNECTED,128,1536,2048,1,128,2048|1536,2048|,1,128,1536
prefill-decode,2,prefill_128,312,FULLY_CONNECTED,128,6144,1536,1,128,1536|6144,1536|,1,128,6144
prefill-decode,2,prefill_128,314,FULLY_CONNECTED,128,6144,1536,1,128,1536|6144,1536|,1,128,6144
prefill-decode,2,prefill_128,319,FULLY_CONNECTED,128,1536,6144,1,128,6144|1536,6144|,1,128,1536
prefill-decode,2,prefill_128,324,FULLY_CONNECTED,128,256,1536,1,128,1536|256,1536|,1,128,256
prefill-decode,2,prefill_128,329,FULLY_CONNECTED,128,1536,256,1,128,256|1536,256|,1,128,1536
prefill-decode,2,prefill_128,336,FULLY_CONNECTED,128,4096,1536,1,128,1536|4096,1536|,1,128,4096
prefill-decode,2,prefill_128,339,FULLY_CONNECTED,128,512,1536,1,128,1536|512,1536|,1,128,512
prefill-decode,2,prefill_128,342,FULLY_CONNECTED,128,512,1536,1,128,1536|512,1536|,1,128,512
prefill-decode,2,prefill_128,391,FULLY_CONNECTED,128,1536,4096,1,128,4096|1536,4096|,1,128,1536
prefill-decode,2,prefill_128,397,FULLY_CONNECTED,128,6144,1536,1,128,1536|6144,1536|,1,128,6144
prefill-decode,2,prefill_128,399,FULLY_CONNECTED,128,6144,1536,1,128,1536|6144,1536|,1,128,6144
prefill-decode,2,prefill_128,404,FULLY_CONNECTED,128,1536,6144,1,128,6144|1536,6144|,1,128,1536
prefill-decode,2,prefill_128,409,FULLY_CONNECTED,128,256,1536,1,128,1536|256,1536|,1,128,256
prefill-decode,2,prefill_128,414,FULLY_CONNECTED,128,1536,256,1,128,256|1536,256|,1,128,1536
prefill-decode,2,prefill_128,421,FULLY_CONNECTED,128,2048,1536,1,128,1536|2048,1536|,1,128,2048
prefill-decode,2,prefill_128,424,FULLY_CONNECTED,128,256,1536,1,128,1536|256,1536|,1,128,256
prefill-decode,2,prefill_128,427,FULLY_CONNECTED,128,256,1536,1,128,1536|256,1536|,1,128,256
prefill-decode,2,prefill_128,465,FULLY_CONNECTED,128,1536,2048,1,128,2048|1536,2048|,1,128,1536
prefill-decode,2,prefill_128,471,FULLY_CONNECTED,128,6144,1536,1,128,1536|6144,1536|,1,128,6144
prefill-decode,2,prefill_128,473,FULLY_CONNECTED,128,6144,1536,1,128,1536|6144,1536|,1,128,6144
prefill-decode,2,prefill_128,478,FULLY_CONNECTED,128,1536,6144,1,128,6144|1536,6144|,1,128,1536
prefill-decode,2,prefill_128,483,FULLY_CONNECTED,128,256,1536,1,128,1536|256,1536|,1,128,256
prefill-decode,2,prefill_128,488,FULLY_CONNECTED,128,1536,256,1,128,256|1536,256|,1,128,1536
prefill-decode,2,prefill_128,495,FULLY_CONNECTED,128,2048,1536,1,128,1536|2048,1536|,1,128,2048
prefill-decode,2,prefill_128,498,FULLY_CONNECTED,128,256,1536,1,128,1536|256,1536|,1,128,256
prefill-decode,2,prefill_128,501,FULLY_CONNECTED,128,256,1536,1,128,1536|256,1536|,1,128,256
prefill-decode,2,prefill_128,539,FULLY_CONNECTED,128,1536,2048,1,128,2048|1536,2048|,1,128,1536
prefill-decode,2,prefill_128,545,FULLY_CONNECTED,128,6144,1536,1,128,1536|6144,1536|,1,128,6144
prefill-decode,2,prefill_128,547,FULLY_CONNECTED,128,6144,1536,1,128,1536|6144,1536|,1,128,6144
prefill-decode,2,prefill_128,552,FULLY_CONNECTED,128,1536,6144,1,128,6144|1536,6144|,1,128,1536
prefill-decode,2,prefill_128,557,FULLY_CONNECTED,128,256,1536,1,128,1536|256,1536|,1,128,256
prefill-decode,2,prefill_128,562,FULLY_CONNECTED,128,1536,256,1,128,256|1536,256|,1,128,1536
prefill-decode,2,prefill_128,569,FULLY_CONNECTED,128,2048,1536,1,128,1536|2048,1536|,1,128,2048
prefill-decode,2,prefill_128,572,FULLY_CONNECTED,128,256,1536,1,128,1536|256,1536|,1,128,256
prefill-decode,2,prefill_128,575,FULLY_CONNECTED,128,256,1536,1,128,1536|256,1536|,1,128,256
prefill-decode,2,prefill_128,613,FULLY_CONNECTED,128,1536,2048,1,128,2048|1536,2048|,1,128,1536
prefill-decode,2,prefill_128,619,FULLY_CONNECTED,128,6144,1536,1,128,1536|6144,1536|,1,128,6144
prefill-decode,2,prefill_128,621,FULLY_CONNECTED,128,6144,1536,1,128,1536|6144,1536|,1,128,6144
prefill-decode,2,prefill_128,626,FULLY_CONNECTED,128,1536,6144,1,128,6144|1536,6144|,1,128,1536
prefill-decode,2,prefill_128,631,FULLY_CONNECTED,128,256,1536,1,128,1536|256,1536|,1,128,256
prefill-decode,2,prefill_128,636,FULLY_CONNECTED,128,1536,256,1,128,256|1536,256|,1,128,1536
prefill-decode,2,prefill_128,643,FULLY_CONNECTED,128,2048,1536,1,128,1536|2048,1536|,1,128,2048
prefill-decode,2,prefill_128,646,FULLY_CONNECTED,128,256,1536,1,128,1536|256,1536|,1,128,256
prefill-decode,2,prefill_128,649,FULLY_CONNECTED,128,256,1536,1,128,1536|256,1536|,1,128,256
prefill-decode,2,prefill_128,687,FULLY_CONNECTED,128,1536,2048,1,128,2048|1536,2048|,1,128,1536
prefill-decode,2,prefill_128,693,FULLY_CONNECTED,128,6144,1536,1,128,1536|6144,1536|,1,128,6144
prefill-decode,2,prefill_128,695,FULLY_CONNECTED,128,6144,1536,1,128,1536|6144,1536|,1,128,6144
prefill-decode,2,prefill_128,700,FULLY_CONNECTED,128,1536,6144,1,128,6144|1536,6144|,1,128,1536
prefill-decode,2,prefill_128,705,FULLY_CONNECTED,128,256,1536,1,128,1536|256,1536|,1,128,256
prefill-decode,2,prefill_128,710,FULLY_CONNECTED,128,1536,256,1,128,256|1536,256|,1,128,1536
prefill-decode,2,prefill_128,717,FULLY_CONNECTED,128,4096,1536,1,128,1536|4096,1536|,1,128,4096
prefill-decode,2,prefill_128,720,FULLY_CONNECTED,128,512,1536,1,128,1536|512,1536|,1,128,512
prefill-decode,2,prefill_128,723,FULLY_CONNECTED,128,512,1536,1,128,1536|512,1536|,1,128,512
prefill-decode,2,prefill_128,761,FULLY_CONNECTED,128,1536,4096,1,128,4096|1536,4096|,1,128,1536
prefill-decode,2,prefill_128,767,FULLY_CONNECTED,128,6144,1536,1,128,1536|6144,1536|,1,128,6144
prefill-decode,2,prefill_128,769,FULLY_CONNECTED,128,6144,1536,1,128,1536|6144,1536|,1,128,6144
prefill-decode,2,prefill_128,774,FULLY_CONNECTED,128,1536,6144,1,128,6144|1536,6144|,1,128,1536
prefill-decode,2,prefill_128,779,FULLY_CONNECTED,128,256,1536,1,128,1536|256,1536|,1,128,256
prefill-decode,2,prefill_128,784,FULLY_CONNECTED,128,1536,256,1,128,256|1536,256|,1,128,1536
prefill-decode,2,prefill_128,791,FULLY_CONNECTED,128,2048,1536,1,128,1536|2048,1536|,1,128,2048
prefill-decode,2,prefill_128,794,FULLY_CONNECTED,128,256,1536,1,128,1536|256,1536|,1,128,256
prefill-decode,2,prefill_128,797,FULLY_CONNECTED,128,256,1536,1,128,1536|256,1536|,1,128,256
prefill-decode,2,prefill_128,835,FULLY_CONNECTED,128,1536,2048,1,128,2048|1536,2048|,1,128,1536
prefill-decode,2,prefill_128,841,FULLY_CONNECTED,128,6144,1536,1,128,1536|6144,1536|,1,128,6144
prefill-decode,2,prefill_128,843,FULLY_CONNECTED,128,6144,1536,1,128,1536|6144,1536|,1,128,6144
prefill-decode,2,prefill_128,848,FULLY_CONNECTED,128,1536,6144,1,128,6144|1536,6144|,1,128,1536
prefill-decode,2,prefill_128,853,FULLY_CONNECTED,128,256,1536,1,128,1536|256,1536|,1,128,256
prefill-decode,2,prefill_128,858,FULLY_CONNECTED,128,1536,256,1,128,256|1536,256|,1,128,1536
prefill-decode,2,prefill_128,865,FULLY_CONNECTED,128,2048,1536,1,128,1536|2048,1536|,1,128,2048
prefill-decode,2,prefill_128,868,FULLY_CONNECTED,128,256,1536,1,128,1536|256,1536|,1,128,256
prefill-decode,2,prefill_128,871,FULLY_CONNECTED,128,256,1536,1,128,1536|256,1536|,1,128,256
prefill-decode,2,prefill_128,909,FULLY_CONNECTED,128,1536,2048,1,128,2048|1536,2048|,1,128,1536
prefill-decode,2,prefill_128,915,FULLY_CONNECTED,128,6144,1536,1,128,1536|6144,1536|,1,128,6144
prefill-decode,2,prefill_128,917,FULLY_CONNECTED,128,6144,1536,1,128,1536|6144,1536|,1,128,6144
prefill-decode,2,prefill_128,922,FULLY_CONNECTED,128,1536,6144,1,128,6144|1536,6144|,1,128,1536
prefill-decode,2,prefill_128,927,FULLY_CONNECTED,128,256,1536,1,128,1536|256,1536|,1,128,256
prefill-decode,2,prefill_128,932,FULLY_CONNECTED,128,1536,256,1,128,256|1536,256|,1,128,1536
prefill-decode,2,prefill_128,939,FULLY_CONNECTED,128,2048,1536,1,128,1536|2048,1536|,1,128,2048
prefill-decode,2,prefill_128,942,FULLY_CONNECTED,128,256,1536,1,128,1536|256,1536|,1,128,256
prefill-decode,2,prefill_128,945,FULLY_CONNECTED,128,256,1536,1,128,1536|256,1536|,1,128,256
prefill-decode,2,prefill_128,983,FULLY_CONNECTED,128,1536,2048,1,128,2048|1536,2048|,1,128,1536
prefill-decode,2,prefill_128,989,FULLY_CONNECTED,128,6144,1536,1,128,1536|6144,1536|,1,128,6144
prefill-decode,2,prefill_128,991,FULLY_CONNECTED,128,6144,1536,1,128,1536|6144,1536|,1,128,6144
prefill-decode,2,prefill_128,996,FULLY_CONNECTED,128,1536,6144,1,128,6144|1536,6144|,1,128,1536
prefill-decode,2,prefill_128,1001,FULLY_CONNECTED,128,256,1536,1,128,1536|256,1536|,1,128,256
prefill-decode,2,prefill_128,1006,FULLY_CONNECTED,128,1536,256,1,128,256|1536,256|,1,128,1536
prefill-decode,2,prefill_128,1013,FULLY_CONNECTED,128,2048,1536,1,128,1536|2048,1536|,1,128,2048
prefill-decode,2,prefill_128,1016,FULLY_CONNECTED,128,256,1536,1,128,1536|256,1536|,1,128,256
prefill-decode,2,prefill_128,1019,FULLY_CONNECTED,128,256,1536,1,128,1536|256,1536|,1,128,256
prefill-decode,2,prefill_128,1057,FULLY_CONNECTED,128,1536,2048,1,128,2048|1536,2048|,1,128,1536
prefill-decode,2,prefill_128,1063,FULLY_CONNECTED,128,6144,1536,1,128,1536|6144,1536|,1,128,6144
prefill-decode,2,prefill_128,1065,FULLY_CONNECTED,128,6144,1536,1,128,1536|6144,1536|,1,128,6144
prefill-decode,2,prefill_128,1070,FULLY_CONNECTED,128,1536,6144,1,128,6144|1536,6144|,1,128,1536
prefill-decode,2,prefill_128,1075,FULLY_CONNECTED,128,256,1536,1,128,1536|256,1536|,1,128,256
prefill-decode,2,prefill_128,1080,FULLY_CONNECTED,128,1536,256,1,128,256|1536,256|,1,128,1536
prefill-decode,2,prefill_128,1087,FULLY_CONNECTED,128,512,1536,1,128,1536|512,1536|,1,128,512
prefill-decode,2,prefill_128,1090,FULLY_CONNECTED,128,512,1536,1,128,1536|512,1536|,1,128,512
prefill-decode,3,verify,4,FULLY_CONNECTED,4,8960,1536,1,4,1536|8960,1536|,1,4,8960
prefill-decode,3,verify,13,FULLY_CONNECTED,4,2048,1536,1,4,1536|2048,1536|,1,4,2048
prefill-decode,3,verify,16,FULLY_CONNECTED,4,256,1536,1,4,1536|256,1536|,1,4,256
prefill-decode,3,verify,19,FULLY_CONNECTED,4,256,1536,1,4,1536|256,1536|,1,4,256
prefill-decode,3,verify,83,FULLY_CONNECTED,4,1536,2048,1,4,2048|1536,2048|,1,4,1536
prefill-decode,3,verify,89,FULLY_CONNECTED,4,6144,1536,1,4,1536|6144,1536|,1,4,6144
prefill-decode,3,verify,91,FULLY_CONNECTED,4,6144,1536,1,4,1536|6144,1536|,1,4,6144
prefill-decode,3,verify,96,FULLY_CONNECTED,4,1536,6144,1,4,6144|1536,6144|,1,4,1536
prefill-decode,3,verify,101,FULLY_CONNECTED,4,256,1536,1,4,1536|256,1536|,1,4,256
prefill-decode,3,verify,106,FULLY_CONNECTED,4,1536,256,1,4,256|1536,256|,1,4,1536
prefill-decode,3,verify,113,FULLY_CONNECTED,4,2048,1536,1,4,1536|2048,1536|,1,4,2048
prefill-decode,3,verify,116,FULLY_CONNECTED,4,256,1536,1,4,1536|256,1536|,1,4,256
prefill-decode,3,verify,119,FULLY_CONNECTED,4,256,1536,1,4,1536|256,1536|,1,4,256
prefill-decode,3,verify,157,FULLY_CONNECTED,4,1536,2048,1,4,2048|1536,2048|,1,4,1536
prefill-decode,3,verify,163,FULLY_CONNECTED,4,6144,1536,1,4,1536|6144,1536|,1,4,6144
prefill-decode,3,verify,165,FULLY_CONNECTED,4,6144,1536,1,4,1536|6144,1536|,1,4,6144
prefill-decode,3,verify,170,FULLY_CONNECTED,4,1536,6144,1,4,6144|1536,6144|,1,4,1536
prefill-decode,3,verify,175,FULLY_CONNECTED,4,256,1536,1,4,1536|256,1536|,1,4,256
prefill-decode,3,verify,180,FULLY_CONNECTED,4,1536,256,1,4,256|1536,256|,1,4,1536
prefill-decode,3,verify,187,FULLY_CONNECTED,4,2048,1536,1,4,1536|2048,1536|,1,4,2048
prefill-decode,3,verify,190,FULLY_CONNECTED,4,256,1536,1,4,1536|256,1536|,1,4,256
prefill-decode,3,verify,193,FULLY_CONNECTED,4,256,1536,1,4,1536|256,1536|,1,4,256
prefill-decode,3,verify,231,FULLY_CONNECTED,4,1536,2048,1,4,2048|1536,2048|,1,4,1536
prefill-decode,3,verify,237,FULLY_CONNECTED,4,6144,1536,1,4,1536|6144,1536|,1,4,6144
prefill-decode,3,verify,239,FULLY_CONNECTED,4,6144,1536,1,4,1536|6144,1536|,1,4,6144
prefill-decode,3,verify,244,FULLY_CONNECTED,4,1536,6144,1,4,6144|1536,6144|,1,4,1536
prefill-decode,3,verify,249,FULLY_CONNECTED,4,256,1536,1,4,1536|256,1536|,1,4,256
prefill-decode,3,verify,254,FULLY_CONNECTED,4,1536,256,1,4,256|1536,256|,1,4,1536
prefill-decode,3,verify,261,FULLY_CONNECTED,4,2048,1536,1,4,1536|2048,1536|,1,4,2048
prefill-decode,3,verify,264,FULLY_CONNECTED,4,256,1536,1,4,1536|256,1536|,1,4,256
prefill-decode,3,verify,267,FULLY_CONNECTED,4,256,1536,1,4,1536|256,1536|,1,4,256
prefill-decode,3,verify,305,FULLY_CONNECTED,4,1536,2048,1,4,2048|1536,2048|,1,4,1536
prefill-decode,3,verify,311,FULLY_CONNECTED,4,6144,1536,1,4,1536|6144,1536|,1,4,6144
prefill-decode,3,verify,313,FULLY_CONNECTED,4,6144,1536,1,4,1536|6144,1536|,1,4,6144
prefill-decode,3,verify,318,FULLY_CONNECTED,4,1536,6144,1,4,6144|1536,6144|,1,4,1536
prefill-decode,3,verify,323,FULLY_CONNECTED,4,256,1536,1,4,1536|256,1536|,1,4,256
prefill-decode,3,verify,328,FULLY_CONNECTED,4,1536,256,1,4,256|1536,256|,1,4,1536
prefill-decode,3,verify,335,FULLY_CONNECTED,4,4096,1536,1,4,1536|4096,1536|,1,4,4096
prefill-decode,3,verify,338,FULLY_CONNECTED,4,512,1536,1,4,1536|512,1536|,1,4,512
prefill-decode,3,verify,341,FULLY_CONNECTED,4,512,1536,1,4,1536|512,1536|,1,4,512
prefill-decode,3,verify,390,FULLY_CONNECTED,4,1536,4096,1,4,4096|1536,4096|,1,4,1536
prefill-decode,3,verify,396,FULLY_CONNECTED,4,6144,1536,1,4,1536|6144,1536|,1,4,6144
prefill-decode,3,verify,398,FULLY_CONNECTED,4,6144,1536,1,4,1536|6144,1536|,1,4,6144
prefill-decode,3,verify,403,FULLY_CONNECTED,4,1536,6144,1,4,6144|1536,6144|,1,4,1536
prefill-decode,3,verify,408,FULLY_CONNECTED,4,256,1536,1,4,1536|256,1536|,1,4,256
prefill-decode,3,verify,413,FULLY_CONNECTED,4,1536,256,1,4,256|1536,256|,1,4,1536
prefill-decode,3,verify,420,FULLY_CONNECTED,4,2048,1536,1,4,1536|2048,1536|,1,4,2048
prefill-decode,3,verify,423,FULLY_CONNECTED,4,256,1536,1,4,1536|256,1536|,1,4,256
prefill-decode,3,verify,426,FULLY_CONNECTED,4,256,1536,1,4,1536|256,1536|,1,4,256
prefill-decode,3,verify,464,FULLY_CONNECTED,4,1536,2048,1,4,2048|1536,2048|,1,4,1536
prefill-decode,3,verify,470,FULLY_CONNECTED,4,6144,1536,1,4,1536|6144,1536|,1,4,6144
prefill-decode,3,verify,472,FULLY_CONNECTED,4,6144,1536,1,4,1536|6144,1536|,1,4,6144
prefill-decode,3,verify,477,FULLY_CONNECTED,4,1536,6144,1,4,6144|1536,6144|,1,4,1536
prefill-decode,3,verify,482,FULLY_CONNECTED,4,256,1536,1,4,1536|256,1536|,1,4,256
prefill-decode,3,verify,487,FULLY_CONNECTED,4,1536,256,1,4,256|1536,256|,1,4,1536
prefill-decode,3,verify,494,FULLY_CONNECTED,4,2048,1536,1,4,1536|2048,1536|,1,4,2048
prefill-decode,3,verify,497,FULLY_CONNECTED,4,256,1536,1,4,1536|256,1536|,1,4,256
prefill-decode,3,verify,500,FULLY_CONNECTED,4,256,1536,1,4,1536|256,1536|,1,4,256
prefill-decode,3,verify,538,FULLY_CONNECTED,4,1536,2048,1,4,2048|1536,2048|,1,4,1536
prefill-decode,3,verify,544,FULLY_CONNECTED,4,6144,1536,1,4,1536|6144,1536|,1,4,6144
prefill-decode,3,verify,546,FULLY_CONNECTED,4,6144,1536,1,4,1536|6144,1536|,1,4,6144
prefill-decode,3,verify,551,FULLY_CONNECTED,4,1536,6144,1,4,6144|1536,6144|,1,4,1536
prefill-decode,3,verify,556,FULLY_CONNECTED,4,256,1536,1,4,1536|256,1536|,1,4,256
prefill-decode,3,verify,561,FULLY_CONNECTED,4,1536,256,1,4,256|1536,256|,1,4,1536
prefill-decode,3,verify,568,FULLY_CONNECTED,4,2048,1536,1,4,1536|2048,1536|,1,4,2048
prefill-decode,3,verify,571,FULLY_CONNECTED,4,256,1536,1,4,1536|256,1536|,1,4,256
prefill-decode,3,verify,574,FULLY_CONNECTED,4,256,1536,1,4,1536|256,1536|,1,4,256
prefill-decode,3,verify,612,FULLY_CONNECTED,4,1536,2048,1,4,2048|1536,2048|,1,4,1536
prefill-decode,3,verify,618,FULLY_CONNECTED,4,6144,1536,1,4,1536|6144,1536|,1,4,6144
prefill-decode,3,verify,620,FULLY_CONNECTED,4,6144,1536,1,4,1536|6144,1536|,1,4,6144
prefill-decode,3,verify,625,FULLY_CONNECTED,4,1536,6144,1,4,6144|1536,6144|,1,4,1536
prefill-decode,3,verify,630,FULLY_CONNECTED,4,256,1536,1,4,1536|256,1536|,1,4,256
prefill-decode,3,verify,635,FULLY_CONNECTED,4,1536,256,1,4,256|1536,256|,1,4,1536
prefill-decode,3,verify,642,FULLY_CONNECTED,4,2048,1536,1,4,1536|2048,1536|,1,4,2048
prefill-decode,3,verify,645,FULLY_CONNECTED,4,256,1536,1,4,1536|256,1536|,1,4,256
prefill-decode,3,verify,648,FULLY_CONNECTED,4,256,1536,1,4,1536|256,1536|,1,4,256
prefill-decode,3,verify,686,FULLY_CONNECTED,4,1536,2048,1,4,2048|1536,2048|,1,4,1536
prefill-decode,3,verify,692,FULLY_CONNECTED,4,6144,1536,1,4,1536|6144,1536|,1,4,6144
prefill-decode,3,verify,694,FULLY_CONNECTED,4,6144,1536,1,4,1536|6144,1536|,1,4,6144
prefill-decode,3,verify,699,FULLY_CONNECTED,4,1536,6144,1,4,6144|1536,6144|,1,4,1536
prefill-decode,3,verify,704,FULLY_CONNECTED,4,256,1536,1,4,1536|256,1536|,1,4,256
prefill-decode,3,verify,709,FULLY_CONNECTED,4,1536,256,1,4,256|1536,256|,1,4,1536
prefill-decode,3,verify,716,FULLY_CONNECTED,4,4096,1536,1,4,1536|4096,1536|,1,4,4096
prefill-decode,3,verify,719,FULLY_CONNECTED,4,512,1536,1,4,1536|512,1536|,1,4,512
prefill-decode,3,verify,722,FULLY_CONNECTED,4,512,1536,1,4,1536|512,1536|,1,4,512
prefill-decode,3,verify,760,FULLY_CONNECTED,4,1536,4096,1,4,4096|1536,4096|,1,4,1536
prefill-decode,3,verify,766,FULLY_CONNECTED,4,6144,1536,1,4,1536|6144,1536|,1,4,6144
prefill-decode,3,verify,768,FULLY_CONNECTED,4,6144,1536,1,4,1536|6144,1536|,1,4,6144
prefill-decode,3,verify,773,FULLY_CONNECTED,4,1536,6144,1,4,6144|1536,6144|,1,4,1536
prefill-decode,3,verify,778,FULLY_CONNECTED,4,256,1536,1,4,1536|256,1536|,1,4,256
prefill-decode,3,verify,783,FULLY_CONNECTED,4,1536,256,1,4,256|1536,256|,1,4,1536
prefill-decode,3,verify,790,FULLY_CONNECTED,4,2048,1536,1,4,1536|2048,1536|,1,4,2048
prefill-decode,3,verify,793,FULLY_CONNECTED,4,256,1536,1,4,1536|256,1536|,1,4,256
prefill-decode,3,verify,796,FULLY_CONNECTED,4,256,1536,1,4,1536|256,1536|,1,4,256
prefill-decode,3,verify,834,FULLY_CONNECTED,4,1536,2048,1,4,2048|1536,2048|,1,4,1536
prefill-decode,3,verify,840,FULLY_CONNECTED,4,6144,1536,1,4,1536|6144,1536|,1,4,6144
prefill-decode,3,verify,842,FULLY_CONNECTED,4,6144,1536,1,4,1536|6144,1536|,1,4,6144
prefill-decode,3,verify,847,FULLY_CONNECTED,4,1536,6144,1,4,6144|1536,6144|,1,4,1536
prefill-decode,3,verify,852,FULLY_CONNECTED,4,256,1536,1,4,1536|256,1536|,1,4,256
prefill-decode,3,verify,857,FULLY_CONNECTED,4,1536,256,1,4,256|1536,256|,1,4,1536
prefill-decode,3,verify,864,FULLY_CONNECTED,4,2048,1536,1,4,1536|2048,1536|,1,4,2048
prefill-decode,3,verify,867,FULLY_CONNECTED,4,256,1536,1,4,1536|256,1536|,1,4,256
prefill-decode,3,verify,870,FULLY_CONNECTED,4,256,1536,1,4,1536|256,1536|,1,4,256
prefill-decode,3,verify,908,FULLY_CONNECTED,4,1536,2048,1,4,2048|1536,2048|,1,4,1536
prefill-decode,3,verify,914,FULLY_CONNECTED,4,6144,1536,1,4,1536|6144,1536|,1,4,6144
prefill-decode,3,verify,916,FULLY_CONNECTED,4,6144,1536,1,4,1536|6144,1536|,1,4,6144
prefill-decode,3,verify,921,FULLY_CONNECTED,4,1536,6144,1,4,6144|1536,6144|,1,4,1536
prefill-decode,3,verify,926,FULLY_CONNECTED,4,256,1536,1,4,1536|256,1536|,1,4,256
prefill-decode,3,verify,931,FULLY_CONNECTED,4,1536,256,1,4,256|1536,256|,1,4,1536
prefill-decode,3,verify,938,FULLY_CONNECTED,4,2048,1536,1,4,1536|2048,1536|,1,4,2048
prefill-decode,3,verify,941,FULLY_CONNECTED,4,256,1536,1,4,1536|256,1536|,1,4,256
prefill-decode,3,verify,944,FULLY_CONNECTED,4,256,1536,1,4,1536|256,1536|,1,4,256
prefill-decode,3,verify,982,FULLY_CONNECTED,4,1536,2048,1,4,2048|1536,2048|,1,4,1536
prefill-decode,3,verify,988,FULLY_CONNECTED,4,6144,1536,1,4,1536|6144,1536|,1,4,6144
prefill-decode,3,verify,990,FULLY_CONNECTED,4,6144,1536,1,4,1536|6144,1536|,1,4,6144
prefill-decode,3,verify,995,FULLY_CONNECTED,4,1536,6144,1,4,6144|1536,6144|,1,4,1536
prefill-decode,3,verify,1000,FULLY_CONNECTED,4,256,1536,1,4,1536|256,1536|,1,4,256
prefill-decode,3,verify,1005,FULLY_CONNECTED,4,1536,256,1,4,256|1536,256|,1,4,1536
prefill-decode,3,verify,1012,FULLY_CONNECTED,4,2048,1536,1,4,1536|2048,1536|,1,4,2048
prefill-decode,3,verify,1015,FULLY_CONNECTED,4,256,1536,1,4,1536|256,1536|,1,4,256
prefill-decode,3,verify,1018,FULLY_CONNECTED,4,256,1536,1,4,1536|256,1536|,1,4,256
prefill-decode,3,verify,1056,FULLY_CONNECTED,4,1536,2048,1,4,2048|1536,2048|,1,4,1536
prefill-decode,3,verify,1062,FULLY_CONNECTED,4,6144,1536,1,4,1536|6144,1536|,1,4,6144
prefill-decode,3,verify,1064,FULLY_CONNECTED,4,6144,1536,1,4,1536|6144,1536|,1,4,6144
prefill-decode,3,verify,1069,FULLY_CONNECTED,4,1536,6144,1,4,6144|1536,6144|,1,4,1536
prefill-decode,3,verify,1074,FULLY_CONNECTED,4,256,1536,1,4,1536|256,1536|,1,4,256
prefill-decode,3,verify,1079,FULLY_CONNECTED,4,1536,256,1,4,256|1536,256|,1,4,1536
prefill-decode,3,verify,1086,FULLY_CONNECTED,4,4096,1536,1,4,1536|4096,1536|,1,4,4096
prefill-decode,3,verify,1089,FULLY_CONNECTED,4,512,1536,1,4,1536|512,1536|,1,4,512
prefill-decode,3,verify,1092,FULLY_CONNECTED,4,512,1536,1,4,1536|512,1536|,1,4,512
prefill-decode,3,verify,1130,FULLY_CONNECTED,4,1536,4096,1,4,4096|1536,4096|,1,4,1536
prefill-decode,3,verify,1136,FULLY_CONNECTED,4,6144,1536,1,4,1536|6144,1536|,1,4,6144
prefill-decode,3,verify,1138,FULLY_CONNECTED,4,6144,1536,1,4,1536|6144,1536|,1,4,6144
prefill-decode,3,verify,1143,FULLY_CONNECTED,4,1536,6144,1,4,6144|1536,6144|,1,4,1536
prefill-decode,3,verify,1148,FULLY_CONNECTED,4,256,1536,1,4,1536|256,1536|,1,4,256
prefill-decode,3,verify,1153,FULLY_CONNECTED,4,1536,256,1,4,256|1536,256|,1,4,1536
prefill-decode,3,verify,1160,FULLY_CONNECTED,4,2048,1536,1,4,1536|2048,1536|,1,4,2048
prefill-decode,3,verify,1184,FULLY_CONNECTED,4,1536,2048,1,4,2048|1536,2048|,1,4,1536
prefill-decode,3,verify,1190,FULLY_CONNECTED,4,12288,1536,1,4,1536|12288,1536|,1,4,12288
prefill-decode,3,verify,1192,FULLY_CONNECTED,4,12288,1536,1,4,1536|12288,1536|,1,4,12288
prefill-decode,3,verify,1197,FULLY_CONNECTED,4,1536,12288,1,4,12288|1536,12288|,1,4,1536
prefill-decode,3,verify,1202,FULLY_CONNECTED,4,256,1536,1,4,1536|256,1536|,1,4,256
prefill-decode,3,verify,1207,FULLY_CONNECTED,4,1536,256,1,4,256|1536,256|,1,4,1536
prefill-decode,3,verify,1214,FULLY_CONNECTED,4,2048,1536,1,4,1536|2048,1536|,1,4,2048
prefill-decode,3,verify,1238,FULLY_CONNECTED,4,1536,2048,1,4,2048|1536,2048|,1,4,1536
prefill-decode,3,verify,1244,FULLY_CONNECTED,4,12288,1536,1,4,1536|12288,1536|,1,4,12288
prefill-decode,3,verify,1246,FULLY_CONNECTED,4,12288,1536,1,4,1536|12288,1536|,1,4,12288
prefill-decode,3,verify,1251,FULLY_CONNECTED,4,1536,12288,1,4,12288|1536,12288|,1,4,1536
prefill-decode,3,verify,1256,FULLY_CONNECTED,4,256,1536,1,4,1536|256,1536|,1,4,256
prefill-decode,3,verify,1261,FULLY_CONNECTED,4,1536,256,1,4,256|1536,256|,1,4,1536
prefill-decode,3,verify,1268,FULLY_CONNECTED,4,2048,1536,1,4,1536|2048,1536|,1,4,2048
prefill-decode,3,verify,1292,FULLY_CONNECTED,4,1536,2048,1,4,2048|1536,2048|,1,4,1536
prefill-decode,3,verify,1298,FULLY_CONNECTED,4,12288,1536,1,4,1536|12288,1536|,1,4,12288
prefill-decode,3,verify,1300,FULLY_CONNECTED,4,12288,1536,1,4,1536|12288,1536|,1,4,12288
prefill-decode,3,verify,1305,FULLY_CONNECTED,4,1536,12288,1,4,12288|1536,12288|,1,4,1536
prefill-decode,3,verify,1310,FULLY_CONNECTED,4,256,1536,1,4,1536|256,1536|,1,4,256
prefill-decode,3,verify,1315,FULLY_CONNECTED,4,1536,256,1,4,256|1536,256|,1,4,1536
prefill-decode,3,verify,1322,FULLY_CONNECTED,4,2048,1536,1,4,1536|2048,1536|,1,4,2048
prefill-decode,3,verify,1346,FULLY_CONNECTED,4,1536,2048,1,4,2048|1536,2048|,1,4,1536
prefill-decode,3,verify,1352,FULLY_CONNECTED,4,12288,1536,1,4,1536|12288,1536|,1,4,12288
prefill-decode,3,verify,1354,FULLY_CONNECTED,4,12288,1536,1,4,1536|12288,1536|,1,4,12288
prefill-decode,3,verify,1359,FULLY_CONNECTED,4,1536,12288,1,4,12288|1536,12288|,1,4,1536
prefill-decode,3,verify,1364,FULLY_CONNECTED,4,256,1536,1,4,1536|256,1536|,1,4,256
prefill-decode,3,verify,1369,FULLY_CONNECTED,4,1536,256,1,4,256|1536,256|,1,4,1536
prefill-decode,3,verify,1376,FULLY_CONNECTED,4,4096,1536,1,4,1536|4096,1536|,1,4,4096
prefill-decode,3,verify,1400,FULLY_CONNECTED,4,1536,4096,1,4,4096|1536,4096|,1,4,1536
prefill-decode,3,verify,1406,FULLY_CONNECTED,4,12288,1536,1,4,1536|12288,1536|,1,4,12288
prefill-decode,3,verify,1408,FULLY_CONNECTED,4,12288,1536,1,4,1536|12288,1536|,1,4,12288
prefill-decode,3,verify,1413,FULLY_CONNECTED,4,1536,12288,1,4,12288|1536,12288|,1,4,1536
prefill-decode,3,verify,1418,FULLY_CONNECTED,4,256,1536,1,4,1536|256,1536|,1,4,256
prefill-decode,3,verify,1423,FULLY_CONNECTED,4,1536,256,1,4,256|1536,256|,1,4,1536
prefill-decode,3,verify,1430,FULLY_CONNECTED,4,2048,1536,1,4,1536|2048,1536|,1,4,2048
prefill-decode,3,verify,1454,FULLY_CONNECTED,4,1536,2048,1,4,2048|1536,2048|,1,4,1536
prefill-decode,3,verify,1460,FULLY_CONNECTED,4,12288,1536,1,4,1536|12288,1536|,1,4,12288
prefill-decode,3,verify,1462,FULLY_CONNECTED,4,12288,1536,1,4,1536|12288,1536|,1,4,12288
prefill-decode,3,verify,1467,FULLY_CONNECTED,4,1536,12288,1,4,12288|1536,12288|,1,4,1536
prefill-decode,3,verify,1472,FULLY_CONNECTED,4,256,1536,1,4,1536|256,1536|,1,4,256
prefill-decode,3,verify,1477,FULLY_CONNECTED,4,1536,256,1,4,256|1536,256|,1,4,1536
prefill-decode,3,verify,1484,FULLY_CONNECTED,4,2048,1536,1,4,1536|2048,1536|,1,4,2048
prefill-decode,3,verify,1508,FULLY_CONNECTED,4,1536,2048,1,4,2048|1536,2048|,1,4,1536
prefill-decode,3,verify,1514,FULLY_CONNECTED,4,12288,1536,1,4,1536|12288,1536|,1,4,12288
prefill-decode,3,verify,1516,FULLY_CONNECTED,4,12288,1536,1,4,1536|12288,1536|,1,4,12288
prefill-decode,3,verify,1521,FULLY_CONNECTED,4,1536,12288,1,4,12288|1536,12288|,1,4,1536
prefill-decode,3,verify,1526,FULLY_CONNECTED,4,256,1536,1,4,1536|256,1536|,1,4,256
prefill-decode,3,verify,1531,FULLY_CONNECTED,4,1536,256,1,4,256|1536,256|,1,4,1536
prefill-decode,3,verify,1538,FULLY_CONNECTED,4,2048,1536,1,4,1536|2048,1536|,1,4,2048
prefill-decode,3,verify,1562,FULLY_CONNECTED,4,1536,2048,1,4,2048|1536,2048|,1,4,1536
prefill-decode,3,verify,1568,FULLY_CONNECTED,4,12288,1536,1,4,1536|12288,1536|,1,4,12288
prefill-decode,3,verify,1570,FULLY_CONNECTED,4,12288,1536,1,4,1536|12288,1536|,1,4,12288
prefill-decode,3,verify,1575,FULLY_CONNECTED,4,1536,12288,1,4,12288|1536,12288|,1,4,1536
prefill-decode,3,verify,1580,FULLY_CONNECTED,4,256,1536,1,4,1536|256,1536|,1,4,256
prefill-decode,3,verify,1585,FULLY_CONNECTED,4,1536,256,1,4,256|1536,256|,1,4,1536
prefill-decode,3,verify,1592,FULLY_CONNECTED,4,2048,1536,1,4,1536|2048,1536|,1,4,2048
prefill-decode,3,verify,1616,FULLY_CONNECTED,4,1536,2048,1,4,2048|1536,2048|,1,4,1536
prefill-decode,3,verify,1622,FULLY_CONNECTED,4,12288,1536,1,4,1536|12288,1536|,1,4,12288
prefill-decode,3,verify,1624,FULLY_CONNECTED,4,12288,1536,1,4,1536|12288,1536|,1,4,12288
prefill-decode,3,verify,1629,FULLY_CONNECTED,4,1536,12288,1,4,12288|1536,12288|,1,4,1536
prefill-decode,3,verify,1634,FULLY_CONNECTED,4,256,1536,1,4,1536|256,1536|,1,4,256
prefill-decode,3,verify,1639,FULLY_CONNECTED,4,1536,256,1,4,256|1536,256|,1,4,1536
prefill-decode,3,verify,1646,FULLY_CONNECTED,4,4096,1536,1,4,1536|4096,1536|,1,4,4096
prefill-decode,3,verify,1670,FULLY_CONNECTED,4,1536,4096,1,4,4096|1536,4096|,1,4,1536
prefill-decode,3,verify,1676,FULLY_CONNECTED,4,12288,1536,1,4,1536|12288,1536|,1,4,12288
prefill-decode,3,verify,1678,FULLY_CONNECTED,4,12288,1536,1,4,1536|12288,1536|,1,4,12288
prefill-decode,3,verify,1683,FULLY_CONNECTED,4,1536,12288,1,4,12288|1536,12288|,1,4,1536
prefill-decode,3,verify,1688,FULLY_CONNECTED,4,256,1536,1,4,1536|256,1536|,1,4,256
prefill-decode,3,verify,1693,FULLY_CONNECTED,4,1536,256,1,4,256|1536,256|,1,4,1536
prefill-decode,3,verify,1700,FULLY_CONNECTED,4,2048,1536,1,4,1536|2048,1536|,1,4,2048
prefill-decode,3,verify,1724,FULLY_CONNECTED,4,1536,2048,1,4,2048|1536,2048|,1,4,1536
prefill-decode,3,verify,1730,FULLY_CONNECTED,4,12288,1536,1,4,1536|12288,1536|,1,4,12288
prefill-decode,3,verify,1732,FULLY_CONNECTED,4,12288,1536,1,4,1536|12288,1536|,1,4,12288
prefill-decode,3,verify,1737,FULLY_CONNECTED,4,1536,12288,1,4,12288|1536,12288|,1,4,1536
prefill-decode,3,verify,1742,FULLY_CONNECTED,4,256,1536,1,4,1536|256,1536|,1,4,256
prefill-decode,3,verify,1747,FULLY_CONNECTED,4,1536,256,1,4,256|1536,256|,1,4,1536
prefill-decode,3,verify,1754,FULLY_CONNECTED,4,2048,1536,1,4,1536|2048,1536|,1,4,2048
prefill-decode,3,verify,1778,FULLY_CONNECTED,4,1536,2048,1,4,2048|1536,2048|,1,4,1536
prefill-decode,3,verify,1784,FULLY_CONNECTED,4,12288,1536,1,4,1536|12288,1536|,1,4,12288
prefill-decode,3,verify,1786,FULLY_CONNECTED,4,12288,1536,1,4,1536|12288,1536|,1,4,12288
prefill-decode,3,verify,1791,FULLY_CONNECTED,4,1536,12288,1,4,12288|1536,12288|,1,4,1536
prefill-decode,3,verify,1796,FULLY_CONNECTED,4,256,1536,1,4,1536|256,1536|,1,4,256
prefill-decode,3,verify,1801,FULLY_CONNECTED,4,1536,256,1,4,256|1536,256|,1,4,1536
prefill-decode,3,verify,1808,FULLY_CONNECTED,4,2048,1536,1,4,1536|2048,1536|,1,4,2048
prefill-decode,3,verify,1832,FULLY_CONNECTED,4,1536,2048,1,4,2048|1536,2048|,1,4,1536
prefill-decode,3,verify,1838,FULLY_CONNECTED,4,12288,1536,1,4,1536|12288,1536|,1,4,12288
prefill-decode,3,verify,1840,FULLY_CONNECTED,4,12288,1536,1,4,1536|12288,1536|,1,4,12288
prefill-decode,3,verify,1845,FULLY_CONNECTED,4,1536,12288,1,4,12288|1536,12288|,1,4,1536
prefill-decode,3,verify,1850,FULLY_CONNECTED,4,256,1536,1,4,1536|256,1536|,1,4,256
prefill-decode,3,verify,1855,FULLY_CONNECTED,4,1536,256,1,4,256|1536,256|,1,4,1536
prefill-decode,3,verify,1862,FULLY_CONNECTED,4,2048,1536,1,4,1536|2048,1536|,1,4,2048
prefill-decode,3,verify,1886,FULLY_CONNECTED,4,1536,2048,1,4,2048|1536,2048|,1,4,1536
prefill-decode,3,verify,1892,FULLY_CONNECTED,4,12288,1536,1,4,1536|12288,1536|,1,4,12288
prefill-decode,3,verify,1894,FULLY_CONNECTED,4,12288,1536,1,4,1536|12288,1536|,1,4,12288
prefill-decode,3,verify,1899,FULLY_CONNECTED,4,1536,12288,1,4,12288|1536,12288|,1,4,1536
prefill-decode,3,verify,1904,FULLY_CONNECTED,4,256,1536,1,4,1536|256,1536|,1,4,256
prefill-decode,3,verify,1909,FULLY_CONNECTED,4,1536,256,1,4,256|1536,256|,1,4,1536
prefill-decode,3,verify,1916,FULLY_CONNECTED,4,4096,1536,1,4,1536|4096,1536|,1,4,4096
prefill-decode,3,verify,1940,FULLY_CONNECTED,4,1536,4096,1,4,4096|1536,4096|,1,4,1536
prefill-decode,3,verify,1946,FULLY_CONNECTED,4,12288,1536,1,4,1536|12288,1536|,1,4,12288
prefill-decode,3,verify,1948,FULLY_CONNECTED,4,12288,1536,1,4,1536|12288,1536|,1,4,12288
prefill-decode,3,verify,1953,FULLY_CONNECTED,4,1536,12288,1,4,12288|1536,12288|,1,4,1536
prefill-decode,3,verify,1958,FULLY_CONNECTED,4,256,1536,1,4,1536|256,1536|,1,4,256
prefill-decode,3,verify,1963,FULLY_CONNECTED,4,1536,256,1,4,256|1536,256|,1,4,1536
prefill-decode,3,verify,1970,FULLY_CONNECTED,4,2048,1536,1,4,1536|2048,1536|,1,4,2048
prefill-decode,3,verify,1994,FULLY_CONNECTED,4,1536,2048,1,4,2048|1536,2048|,1,4,1536
prefill-decode,3,verify,2000,FULLY_CONNECTED,4,12288,1536,1,4,1536|12288,1536|,1,4,12288
prefill-decode,3,verify,2002,FULLY_CONNECTED,4,12288,1536,1,4,1536|12288,1536|,1,4,12288
prefill-decode,3,verify,2007,FULLY_CONNECTED,4,1536,12288,1,4,12288|1536,12288|,1,4,1536
prefill-decode,3,verify,2012,FULLY_CONNECTED,4,256,1536,1,4,1536|256,1536|,1,4,256
prefill-decode,3,verify,2017,FULLY_CONNECTED,4,1536,256,1,4,256|1536,256|,1,4,1536
prefill-decode,3,verify,2024,FULLY_CONNECTED,4,2048,1536,1,4,1536|2048,1536|,1,4,2048
prefill-decode,3,verify,2048,FULLY_CONNECTED,4,1536,2048,1,4,2048|1536,2048|,1,4,1536
prefill-decode,3,verify,2054,FULLY_CONNECTED,4,12288,1536,1,4,1536|12288,1536|,1,4,12288
prefill-decode,3,verify,2056,FULLY_CONNECTED,4,12288,1536,1,4,1536|12288,1536|,1,4,12288
prefill-decode,3,verify,2061,FULLY_CONNECTED,4,1536,12288,1,4,12288|1536,12288|,1,4,1536
prefill-decode,3,verify,2066,FULLY_CONNECTED,4,256,1536,1,4,1536|256,1536|,1,4,256
prefill-decode,3,verify,2071,FULLY_CONNECTED,4,1536,256,1,4,256|1536,256|,1,4,1536
prefill-decode,3,verify,2078,FULLY_CONNECTED,4,2048,1536,1,4,1536|2048,1536|,1,4,2048
prefill-decode,3,verify,2102,FULLY_CONNECTED,4,1536,2048,1,4,2048|1536,2048|,1,4,1536
prefill-decode,3,verify,2108,FULLY_CONNECTED,4,12288,1536,1,4,1536|12288,1536|,1,4,12288
prefill-decode,3,verify,2110,FULLY_CONNECTED,4,12288,1536,1,4,1536|12288,1536|,1,4,12288
prefill-decode,3,verify,2115,FULLY_CONNECTED,4,1536,12288,1,4,12288|1536,12288|,1,4,1536
prefill-decode,3,verify,2120,FULLY_CONNECTED,4,256,1536,1,4,1536|256,1536|,1,4,256
prefill-decode,3,verify,2125,FULLY_CONNECTED,4,1536,256,1,4,256|1536,256|,1,4,1536
prefill-decode,3,verify,2132,FULLY_CONNECTED,4,2048,1536,1,4,1536|2048,1536|,1,4,2048
prefill-decode,3,verify,2156,FULLY_CONNECTED,4,1536,2048,1,4,2048|1536,2048|,1,4,1536
prefill-decode,3,verify,2162,FULLY_CONNECTED,4,12288,1536,1,4,1536|12288,1536|,1,4,12288
prefill-decode,3,verify,2164,FULLY_CONNECTED,4,12288,1536,1,4,1536|12288,1536|,1,4,12288
prefill-decode,3,verify,2169,FULLY_CONNECTED,4,1536,12288,1,4,12288|1536,12288|,1,4,1536
prefill-decode,3,verify,2174,FULLY_CONNECTED,4,256,1536,1,4,1536|256,1536|,1,4,256
prefill-decode,3,verify,2179,FULLY_CONNECTED,4,1536,256,1,4,256|1536,256|,1,4,1536
prefill-decode,3,verify,2186,FULLY_CONNECTED,4,4096,1536,1,4,1536|4096,1536|,1,4,4096
prefill-decode,3,verify,2210,FULLY_CONNECTED,4,1536,4096,1,4,4096|1536,4096|,1,4,1536
prefill-decode,3,verify,2216,FULLY_CONNECTED,4,12288,1536,1,4,1536|12288,1536|,1,4,12288
prefill-decode,3,verify,2218,FULLY_CONNECTED,4,12288,1536,1,4,1536|12288,1536|,1,4,12288
prefill-decode,3,verify,2223,FULLY_CONNECTED,4,1536,12288,1,4,12288|1536,12288|,1,4,1536
prefill-decode,3,verify,2228,FULLY_CONNECTED,4,256,1536,1,4,1536|256,1536|,1,4,256
prefill-decode,3,verify,2233,FULLY_CONNECTED,4,1536,256,1,4,256|1536,256|,1,4,1536
prefill-decode,3,verify,2239,FULLY_CONNECTED,4,262144,1536,1,4,1536|262144,1536|,1,4,262144
prefill-decode,10,XlaCallModule_odml.runtime_bmm.impl_0,9,BATCH_MATMUL,8192,256,256,1,1,8192,256|1,1,1535,256,1,1,8192,1535
prefill-decode,11,XlaCallModule_odml.runtime_bmm.impl_411_0,9,BATCH_MATMUL,8192,1535,1535,1,1,8192,1535|1,1,256,1535,1,1,8192,256
prefill-decode,21,XlaCallModule_odml.runtime_bmm.impl_618_0,9,BATCH_MATMUL,8192,256,256,1,1,8192,256|1,1,1535,256,1,1,8192,1535
prefill-decode,22,XlaCallModule_odml.runtime_bmm.impl_624_0,9,BATCH_MATMUL,8192,1535,1535,1,1,8192,1535|1,1,256,1535,1,1,8192,256
prefill-decode,32,XlaCallModule_odml.runtime_bmm.impl_720_0,9,BATCH_MATMUL,8192,256,256,1,1,8192,256|1,1,1535,256,1,1,8192,1535
prefill-decode,33,XlaCallModule_odml.runtime_bmm.impl_726_0,9,BATCH_MATMUL,8192,1535,1535,1,1,8192,1535|1,1,256,1535,1,1,8192,256
prefill-decode,43,XlaCallModule_odml.runtime_bmm.impl_822_0,9,BATCH_MATMUL,8192,256,256,1,1,8192,256|1,1,1535,256,1,1,8192,1535
prefill-decode,44,XlaCallModule_odml.runtime_bmm.impl_828_0,9,BATCH_MATMUL,8192,1535,1535,1,1,8192,1535|1,1,256,1535,1,1,8192,256
prefill-decode,54,XlaCallModule_odml.runtime_bmm.impl_1042_0,1,BATCH_MATMUL,8192,512,512,1,1,8192,512|1,1,32003,512,1,1,8192,32003
prefill-decode,55,XlaCallModule_odml.runtime_bmm.impl_1047_0,1,BATCH_MATMUL,8192,32003,32003,1,1,8192,32003|1,1,512,32003,1,1,8192,512
prefill-decode,65,XlaCallModule_odml.runtime_bmm.impl_1171_0,9,BATCH_MATMUL,8192,256,256,1,1,8192,256|1,1,1535,256,1,1,8192,1535
prefill-decode,66,XlaCallModule_odml.runtime_bmm.impl_1177_0,9,BATCH_MATMUL,8192,1535,1535,1,1,8192,1535|1,1,256,1535,1,1,8192,256
prefill-decode,76,XlaCallModule_odml.runtime_bmm.impl_1273_0,9,BATCH_MATMUL,8192,256,256,1,1,8192,256|1,1,1535,256,1,1,8192,1535
prefill-decode,77,XlaCallModule_odml.runtime_bmm.impl_1279_0,9,BATCH_MATMUL,8192,1535,1535,1,1,8192,1535|1,1,256,1535,1,1,8192,256
prefill-decode,87,XlaCallModule_odml.runtime_bmm.impl_1375_0,9,BATCH_MATMUL,8192,256,256,1,1,8192,256|1,1,1535,256,1,1,8192,1535
prefill-decode,88,XlaCallModule_odml.runtime_bmm.impl_1381_0,9,BATCH_MATMUL,8192,1535,1535,1,1,8192,1535|1,1,256,1535,1,1,8192,256
prefill-decode,98,XlaCallModule_odml.runtime_bmm.impl_1477_0,9,BATCH_MATMUL,8192,256,256,1,1,8192,256|1,1,1535,256,1,1,8192,1535
prefill-decode,99,XlaCallModule_odml.runtime_bmm.impl_1483_0,9,BATCH_MATMUL,8192,1535,1535,1,1,8192,1535|1,1,256,1535,1,1,8192,256
prefill-decode,109,XlaCallModule_odml.runtime_bmm.impl_1579_0,1,BATCH_MATMUL,8192,512,512,1,1,8192,512|1,1,32003,512,1,1,8192,32003
prefill-decode,110,XlaCallModule_odml.runtime_bmm.impl_1583_0,1,BATCH_MATMUL,8192,32003,32003,1,1,8192,32003|1,1,512,32003,1,1,8192,512
prefill-decode,120,XlaCallModule_odml.runtime_bmm.impl_1675_0,9,BATCH_MATMUL,8192,256,256,1,1,8192,256|1,1,1535,256,1,1,8192,1535
prefill-decode,121,XlaCallModule_odml.runtime_bmm.impl_1681_0,9,BATCH_MATMUL,8192,1535,1535,1,1,8192,1535|1,1,256,1535,1,1,8192,256
prefill-decode,131,XlaCallModule_odml.runtime_bmm.impl_1777_0,9,BATCH_MATMUL,8192,256,256,1,1,8192,256|1,1,1535,256,1,1,8192,1535
prefill-decode,132,XlaCallModule_odml.runtime_bmm.impl_1783_0,9,BATCH_MATMUL,8192,1535,1535,1,1,8192,1535|1,1,256,1535,1,1,8192,256
prefill-decode,142,XlaCallModule_odml.runtime_bmm.impl_1879_0,9,BATCH_MATMUL,8192,256,256,1,1,8192,256|1,1,1535,256,1,1,8192,1535
prefill-decode,143,XlaCallModule_odml.runtime_bmm.impl_1885_0,9,BATCH_MATMUL,8192,1535,1535,1,1,8192,1535|1,1,256,1535,1,1,8192,256
prefill-decode,153,XlaCallModule_odml.runtime_bmm.impl_1981_0,9,BATCH_MATMUL,8192,256,256,1,1,8192,256|1,1,1535,256,1,1,8192,1535
prefill-decode,154,XlaCallModule_odml.runtime_bmm.impl_1987_0,9,BATCH_MATMUL,8192,1535,1535,1,1,8192,1535|1,1,256,1535,1,1,8192,256
prefill-decode,169,XlaCallModule_odml.runtime_bmm.impl_1,9,BATCH_MATMUL,1024,256,256,1,1,1024,256|1,1,639,256,1,1,1024,639
prefill-decode,170,XlaCallModule_odml.runtime_bmm.impl_411_1,9,BATCH_MATMUL,1024,639,639,1,1,1024,639|1,1,256,639,1,1,1024,256
prefill-decode,180,XlaCallModule_odml.runtime_bmm.impl_618_1,9,BATCH_MATMUL,1024,256,256,1,1,1024,256|1,1,639,256,1,1,1024,639
prefill-decode,181,XlaCallModule_odml.runtime_bmm.impl_624_1,9,BATCH_MATMUL,1024,639,639,1,1,1024,639|1,1,256,639,1,1,1024,256
prefill-decode,191,XlaCallModule_odml.runtime_bmm.impl_720_1,9,BATCH_MATMUL,1024,256,256,1,1,1024,256|1,1,639,256,1,1,1024,639
prefill-decode,192,XlaCallModule_odml.runtime_bmm.impl_726_1,9,BATCH_MATMUL,1024,639,639,1,1,1024,639|1,1,256,639,1,1,1024,256
prefill-decode,202,XlaCallModule_odml.runtime_bmm.impl_822_1,9,BATCH_MATMUL,1024,256,256,1,1,1024,256|1,1,639,256,1,1,1024,639
prefill-decode,203,XlaCallModule_odml.runtime_bmm.impl_828_1,9,BATCH_MATMUL,1024,639,639,1,1,1024,639|1,1,256,639,1,1,1024,256
prefill-decode,213,XlaCallModule_odml.runtime_bmm.impl_1042_1,1,BATCH_MATMUL,1024,512,512,1,1,1024,512|1,1,32003,512,1,1,1024,32003
prefill-decode,214,XlaCallModule_odml.runtime_bmm.impl_1047_1,1,BATCH_MATMUL,1024,32003,32003,1,1,1024,32003|1,1,512,32003,1,1,1024,512
prefill-decode,224,XlaCallModule_odml.runtime_bmm.impl_1171_1,9,BATCH_MATMUL,1024,256,256,1,1,1024,256|1,1,639,256,1,1,1024,639
prefill-decode,225,XlaCallModule_odml.runtime_bmm.impl_1177_1,9,BATCH_MATMUL,1024,639,639,1,1,1024,639|1,1,256,639,1,1,1024,256
prefill-decode,235,XlaCallModule_odml.runtime_bmm.impl_1273_1,9,BATCH_MATMUL,1024,256,256,1,1,1024,256|1,1,639,256,1,1,1024,639
prefill-decode,236,XlaCallModule_odml.runtime_bmm.impl_1279_1,9,BATCH_MATMUL,1024,639,639,1,1,1024,639|1,1,256,639,1,1,1024,256
prefill-decode,246,XlaCallModule_odml.runtime_bmm.impl_1375_1,9,BATCH_MATMUL,1024,256,256,1,1,1024,256|1,1,639,256,1,1,1024,639
prefill-decode,247,XlaCallModule_odml.runtime_bmm.impl_1381_1,9,BATCH_MATMUL,1024,639,639,1,1,1024,639|1,1,256,639,1,1,1024,256
prefill-decode,257,XlaCallModule_odml.runtime_bmm.impl_1477_1,9,BATCH_MATMUL,1024,256,256,1,1,1024,256|1,1,639,256,1,1,1024,639
prefill-decode,258,XlaCallModule_odml.runtime_bmm.impl_1483_1,9,BATCH_MATMUL,1024,639,639,1,1,1024,639|1,1,256,639,1,1,1024,256
prefill-decode,268,XlaCallModule_odml.runtime_bmm.impl_1579_1,1,BATCH_MATMUL,1024,512,512,1,1,1024,512|1,1,32003,512,1,1,1024,32003
prefill-decode,269,XlaCallModule_odml.runtime_bmm.impl_1583_1,1,BATCH_MATMUL,1024,32003,32003,1,1,1024,32003|1,1,512,32003,1,1,1024,512
prefill-decode,279,XlaCallModule_odml.runtime_bmm.impl_1675_1,9,BATCH_MATMUL,1024,256,256,1,1,1024,256|1,1,639,256,1,1,1024,639
prefill-decode,280,XlaCallModule_odml.runtime_bmm.impl_1681_1,9,BATCH_MATMUL,1024,639,639,1,1,1024,639|1,1,256,639,1,1,1024,256
prefill-decode,290,XlaCallModule_odml.runtime_bmm.impl_1777_1,9,BATCH_MATMUL,1024,256,256,1,1,1024,256|1,1,639,256,1,1,1024,639
prefill-decode,291,XlaCallModule_odml.runtime_bmm.impl_1783_1,9,BATCH_MATMUL,1024,639,639,1,1,1024,639|1,1,256,639,1,1,1024,256
prefill-decode,301,XlaCallModule_odml.runtime_bmm.impl_1879_1,9,BATCH_MATMUL,1024,256,256,1,1,1024,256|1,1,639,256,1,1,1024,639
prefill-decode,302,XlaCallModule_odml.runtime_bmm.impl_1885_1,9,BATCH_MATMUL,1024,639,639,1,1,1024,639|1,1,256,639,1,1,1024,256
prefill-decode,312,XlaCallModule_odml.runtime_bmm.impl_1981_1,9,BATCH_MATMUL,1024,256,256,1,1,1024,256|1,1,639,256,1,1,1024,639
prefill-decode,313,XlaCallModule_odml.runtime_bmm.impl_1987_1,9,BATCH_MATMUL,1024,639,639,1,1,1024,639|1,1,256,639,1,1,1024,256
prefill-decode,328,XlaCallModule_odml.runtime_bmm.impl_2,9,BATCH_MATMUL,32,256,256,1,1,32,256|1,1,515,256,1,1,32,515
prefill-decode,329,XlaCallModule_odml.runtime_bmm.impl_410_0,9,BATCH_MATMUL,32,515,515,1,1,32,515|1,1,256,515,1,1,32,256
prefill-decode,339,XlaCallModule_odml.runtime_bmm.impl_617_0,9,BATCH_MATMUL,32,256,256,1,1,32,256|1,1,515,256,1,1,32,515
prefill-decode,340,XlaCallModule_odml.runtime_bmm.impl_623_0,9,BATCH_MATMUL,32,515,515,1,1,32,515|1,1,256,515,1,1,32,256
prefill-decode,350,XlaCallModule_odml.runtime_bmm.impl_719_0,9,BATCH_MATMUL,32,256,256,1,1,32,256|1,1,515,256,1,1,32,515
prefill-decode,351,XlaCallModule_odml.runtime_bmm.impl_725_0,9,BATCH_MATMUL,32,515,515,1,1,32,515|1,1,256,515,1,1,32,256
prefill-decode,361,XlaCallModule_odml.runtime_bmm.impl_821_0,9,BATCH_MATMUL,32,256,256,1,1,32,256|1,1,515,256,1,1,32,515
prefill-decode,362,XlaCallModule_odml.runtime_bmm.impl_827_0,9,BATCH_MATMUL,32,515,515,1,1,32,515|1,1,256,515,1,1,32,256
prefill-decode,372,XlaCallModule_odml.runtime_bmm.impl_1041_0,1,BATCH_MATMUL,32,512,512,1,1,32,512|1,1,32003,512,1,1,32,32003
prefill-decode,373,XlaCallModule_odml.runtime_bmm.impl_1046_0,1,BATCH_MATMUL,32,32003,32003,1,1,32,32003|1,1,512,32003,1,1,32,512
prefill-decode,383,XlaCallModule_odml.runtime_bmm.impl_1170_0,9,BATCH_MATMUL,32,256,256,1,1,32,256|1,1,515,256,1,1,32,515
prefill-decode,384,XlaCallModule_odml.runtime_bmm.impl_1176_0,9,BATCH_MATMUL,32,515,515,1,1,32,515|1,1,256,515,1,1,32,256
prefill-decode,394,XlaCallModule_odml.runtime_bmm.impl_1272_0,9,BATCH_MATMUL,32,256,256,1,1,32,256|1,1,515,256,1,1,32,515
prefill-decode,395,XlaCallModule_odml.runtime_bmm.impl_1278_0,9,BATCH_MATMUL,32,515,515,1,1,32,515|1,1,256,515,1,1,32,256
prefill-decode,405,XlaCallModule_odml.runtime_bmm.impl_1374_0,9,BATCH_MATMUL,32,256,256,1,1,32,256|1,1,515,256,1,1,32,515
prefill-decode,406,XlaCallModule_odml.runtime_bmm.impl_1380_0,9,BATCH_MATMUL,32,515,515,1,1,32,515|1,1,256,515,1,1,32,256
prefill-decode,416,XlaCallModule_odml.runtime_bmm.impl_1476_0,9,BATCH_MATMUL,32,256,256,1,1,32,256|1,1,515,256,1,1,32,515
prefill-decode,417,XlaCallModule_odml.runtime_bmm.impl_1482_0,9,BATCH_MATMUL,32,515,515,1,1,32,515|1,1,256,515,1,1,32,256
prefill-decode,427,XlaCallModule_odml.runtime_bmm.impl_1578_0,1,BATCH_MATMUL,32,512,512,1,1,32,512|1,1,32003,512,1,1,32,32003
prefill-decode,428,XlaCallModule_odml.runtime_bmm.impl_1582_0,1,BATCH_MATMUL,32,32003,32003,1,1,32,32003|1,1,512,32003,1,1,32,512
prefill-decode,438,XlaCallModule_odml.runtime_bmm.impl_1674_0,9,BATCH_MATMUL,32,256,256,1,1,32,256|1,1,515,256,1,1,32,515
prefill-decode,439,XlaCallModule_odml.runtime_bmm.impl_1680_0,9,BATCH_MATMUL,32,515,515,1,1,32,515|1,1,256,515,1,1,32,256
prefill-decode,449,XlaCallModule_odml.runtime_bmm.impl_1776_0,9,BATCH_MATMUL,32,256,256,1,1,32,256|1,1,515,256,1,1,32,515
prefill-decode,450,XlaCallModule_odml.runtime_bmm.impl_1782_0,9,BATCH_MATMUL,32,515,515,1,1,32,515|1,1,256,515,1,1,32,256
prefill-decode,460,XlaCallModule_odml.runtime_bmm.impl_1878_0,9,BATCH_MATMUL,32,256,256,1,1,32,256|1,1,515,256,1,1,32,515
prefill-decode,461,XlaCallModule_odml.runtime_bmm.impl_1884_0,9,BATCH_MATMUL,32,515,515,1,1,32,515|1,1,256,515,1,1,32,256
prefill-decode,471,XlaCallModule_odml.runtime_bmm.impl_1980_0,9,BATCH_MATMUL,32,256,256,1,1,32,256|1,1,515,256,1,1,32,515
prefill-decode,472,XlaCallModule_odml.runtime_bmm.impl_1986_0,9,BATCH_MATMUL,32,515,515,1,1,32,515|1,1,256,515,1,1,32,256
prefill-decode,482,XlaCallModule_odml.runtime_bmm.impl_2082_0,1,BATCH_MATMUL,32,512,512,1,1,32,512|1,1,32003,512,1,1,32,32003
prefill-decode,483,XlaCallModule_odml.runtime_bmm.impl_2086_0,1,BATCH_MATMUL,32,32003,32003,1,1,32,32003|1,1,512,32003,1,1,32,512
prefill-decode,490,XlaCallModule_odml.runtime_bmm.impl_2148_0,9,BATCH_MATMUL,32,256,256,1,1,32,256|1,1,515,256,1,1,32,515
prefill-decode,491,XlaCallModule_odml.runtime_bmm.impl_2154_0,9,BATCH_MATMUL,32,515,515,1,1,32,515|1,1,256,515,1,1,32,256
prefill-decode,498,XlaCallModule_odml.runtime_bmm.impl_2262_0,9,BATCH_MATMUL,32,256,256,1,1,32,256|1,1,515,256,1,1,32,515
prefill-decode,499,XlaCallModule_odml.runtime_bmm.impl_2268_0,9,BATCH_MATMUL,32,515,515,1,1,32,515|1,1,256,515,1,1,32,256
prefill-decode,506,XlaCallModule_odml.runtime_bmm.impl_2334_0,9,BATCH_MATMUL,32,256,256,1,1,32,256|1,1,515,256,1,1,32,515
prefill-decode,507,XlaCallModule_odml.runtime_bmm.impl_2340_0,9,BATCH_MATMUL,32,515,515,1,1,32,515|1,1,256,515,1,1,32,256
prefill-decode,514,XlaCallModule_odml.runtime_bmm.impl_2406_0,9,BATCH_MATMUL,32,256,256,1,1,32,256|1,1,515,256,1,1,32,515
prefill-decode,515,XlaCallModule_odml.runtime_bmm.impl_2412_0,9,BATCH_MATMUL,32,515,515,1,1,32,515|1,1,256,515,1,1,32,256
prefill-decode,522,XlaCallModule_odml.runtime_bmm.impl_2478_0,1,BATCH_MATMUL,32,512,512,1,1,32,512|1,1,32003,512,1,1,32,32003
prefill-decode,523,XlaCallModule_odml.runtime_bmm.impl_2482_0,1,BATCH_MATMUL,32,32003,32003,1,1,32,32003|1,1,512,32003,1,1,32,512
prefill-decode,530,XlaCallModule_odml.runtime_bmm.impl_2544_0,9,BATCH_MATMUL,32,256,256,1,1,32,256|1,1,515,256,1,1,32,515
prefill-decode,531,XlaCallModule_odml.runtime_bmm.impl_2550_0,9,BATCH_MATMUL,32,515,515,1,1,32,515|1,1,256,515,1,1,32,256
prefill-decode,538,XlaCallModule_odml.runtime_bmm.impl_2616_0,9,BATCH_MATMUL,32,256,256,1,1,32,256|1,1,515,256,1,1,32,515
prefill-decode,539,XlaCallModule_odml.runtime_bmm.impl_2622_0,9,BATCH_MATMUL,32,515,515,1,1,32,515|1,1,256,515,1,1,32,256
prefill-decode,546,XlaCallModule_odml.runtime_bmm.impl_2688_0,9,BATCH_MATMUL,32,256,256,1,1,32,256|1,1,515,256,1,1,32,515
prefill-decode,547,XlaCallModule_odml.runtime_bmm.impl_2694_0,9,BATCH_MATMUL,32,515,515,1,1,32,515|1,1,256,515,1,1,32,256
prefill-decode,554,XlaCallModule_odml.runtime_bmm.impl_2760_0,9,BATCH_MATMUL,32,256,256,1,1,32,256|1,1,515,256,1,1,32,515
prefill-decode,555,XlaCallModule_odml.runtime_bmm.impl_2766_0,9,BATCH_MATMUL,32,515,515,1,1,32,515|1,1,256,515,1,1,32,256
prefill-decode,562,XlaCallModule_odml.runtime_bmm.impl_2832_0,1,BATCH_MATMUL,32,512,512,1,1,32,512|1,1,32003,512,1,1,32,32003
prefill-decode,563,XlaCallModule_odml.runtime_bmm.impl_2836_0,1,BATCH_MATMUL,32,32003,32003,1,1,32,32003|1,1,512,32003,1,1,32,512
prefill-decode,570,XlaCallModule_odml.runtime_bmm.impl_2898_0,9,BATCH_MATMUL,32,256,256,1,1,32,256|1,1,515,256,1,1,32,515
prefill-decode,571,XlaCallModule_odml.runtime_bmm.impl_2904_0,9,BATCH_MATMUL,32,515,515,1,1,32,515|1,1,256,515,1,1,32,256
prefill-decode,578,XlaCallModule_odml.runtime_bmm.impl_2970_0,9,BATCH_MATMUL,32,256,256,1,1,32,256|1,1,515,256,1,1,32,515
prefill-decode,579,XlaCallModule_odml.runtime_bmm.impl_2976_0,9,BATCH_MATMUL,32,515,515,1,1,32,515|1,1,256,515,1,1,32,256
prefill-decode,586,XlaCallModule_odml.runtime_bmm.impl_3042_0,9,BATCH_MATMUL,32,256,256,1,1,32,256|1,1,515,256,1,1,32,515
prefill-decode,587,XlaCallModule_odml.runtime_bmm.impl_3048_0,9,BATCH_MATMUL,32,515,515,1,1,32,515|1,1,256,515,1,1,32,256
prefill-decode,594,XlaCallModule_odml.runtime_bmm.impl_3114_0,9,BATCH_MATMUL,32,256,256,1,1,32,256|1,1,515,256,1,1,32,515
prefill-decode,595,XlaCallModule_odml.runtime_bmm.impl_3120_0,9,BATCH_MATMUL,32,515,515,1,1,32,515|1,1,256,515,1,1,32,256
prefill-decode,602,XlaCallModule_odml.runtime_bmm.impl_3186_0,1,BATCH_MATMUL,32,512,512,1,1,32,512|1,1,32003,512,1,1,32,32003
prefill-decode,603,XlaCallModule_odml.runtime_bmm.impl_3190_0,1,BATCH_MATMUL,32,32003,32003,1,1,32,32003|1,1,512,32003,1,1,32,512
prefill-decode,610,XlaCallModule_odml.runtime_bmm.impl_3252_0,9,BATCH_MATMUL,32,256,256,1,1,32,256|1,1,515,256,1,1,32,515
prefill-decode,611,XlaCallModule_odml.runtime_bmm.impl_3258_0,9,BATCH_MATMUL,32,515,515,1,1,32,515|1,1,256,515,1,1,32,256
prefill-decode,618,XlaCallModule_odml.runtime_bmm.impl_3324_0,9,BATCH_MATMUL,32,256,256,1,1,32,256|1,1,515,256,1,1,32,515
prefill-decode,619,XlaCallModule_odml.runtime_bmm.impl_3330_0,9,BATCH_MATMUL,32,515,515,1,1,32,515|1,1,256,515,1,1,32,256
prefill-decode,626,XlaCallModule_odml.runtime_bmm.impl_3396_0,9,BATCH_MATMUL,32,256,256,1,1,32,256|1,1,515,256,1,1,32,515
prefill-decode,627,XlaCallModule_odml.runtime_bmm.impl_3402_0,9,BATCH_MATMUL,32,515,515,1,1,32,515|1,1,256,515,1,1,32,256
prefill-decode,634,XlaCallModule_odml.runtime_bmm.impl_3468_0,9,BATCH_MATMUL,32,256,256,1,1,32,256|1,1,515,256,1,1,32,515
prefill-decode,635,XlaCallModule_odml.runtime_bmm.impl_3474_0,9,BATCH_MATMUL,32,515,515,1,1,32,515|1,1,256,515,1,1,32,256
prefill-decode,642,XlaCallModule_odml.runtime_bmm.impl_3540_0,1,BATCH_MATMUL,32,512,512,1,1,32,512|1,1,32003,512,1,1,32,32003
prefill-decode,643,XlaCallModule_odml.runtime_bmm.impl_3544_0,1,BATCH_MATMUL,32,32003,32003,1,1,32,32003|1,1,512,32003,1,1,32,512
prefill-decode,655,XlaCallModule_odml.runtime_bmm.impl_3,9,BATCH_MATMUL,8,256,256,1,1,8,256|1,1,512,256,1,1,8,512
prefill-decode,656,XlaCallModule_odml.runtime_bmm.impl_399_0,9,BATCH_MATMUL,8,512,512,1,1,8,512|1,1,256,512,1,1,8,256
prefill-decode,666,XlaCallModule_odml.runtime_bmm.impl_605_0,9,BATCH_MATMUL,8,256,256,1,1,8,256|1,1,512,256,1,1,8,512
prefill-decode,667,XlaCallModule_odml.runtime_bmm.impl_611_0,9,BATCH_MATMUL,8,512,512,1,1,8,512|1,1,256,512,1,1,8,256
prefill-decode,677,XlaCallModule_odml.runtime_bmm.impl_707_0,9,BATCH_MATMUL,8,256,256,1,1,8,256|1,1,512,256,1,1,8,512
prefill-decode,678,XlaCallModule_odml.runtime_bmm.impl_713_0,9,BATCH_MATMUL,8,512,512,1,1,8,512|1,1,256,512,1,1,8,256
prefill-decode,688,XlaCallModule_odml.runtime_bmm.impl_809_0,9,BATCH_MATMUL,8,256,256,1,1,8,256|1,1,512,256,1,1,8,512
prefill-decode,689,XlaCallModule_odml.runtime_bmm.impl_815_0,9,BATCH_MATMUL,8,512,512,1,1,8,512|1,1,256,512,1,1,8,256
prefill-decode,699,XlaCallModule_odml.runtime_bmm.impl_1020_0,1,BATCH_MATMUL,8,512,512,1,1,8,512|1,1,32003,512,1,1,8,32003
prefill-decode,700,XlaCallModule_odml.runtime_bmm.impl_1025_0,1,BATCH_MATMUL,8,32003,32003,1,1,8,32003|1,1,512,32003,1,1,8,512
prefill-decode,710,XlaCallModule_odml.runtime_bmm.impl_1149_0,9,BATCH_MATMUL,8,256,256,1,1,8,256|1,1,512,256,1,1,8,512
prefill-decode,711,XlaCallModule_odml.runtime_bmm.impl_1155_0,9,BATCH_MATMUL,8,512,512,1,1,8,512|1,1,256,512,1,1,8,256
prefill-decode,721,XlaCallModule_odml.runtime_bmm.impl_1251_0,9,BATCH_MATMUL,8,256,256,1,1,8,256|1,1,512,256,1,1,8,512
prefill-decode,722,XlaCallModule_odml.runtime_bmm.impl_1257_0,9,BATCH_MATMUL,8,512,512,1,1,8,512|1,1,256,512,1,1,8,256
prefill-decode,732,XlaCallModule_odml.runtime_bmm.impl_1353_0,9,BATCH_MATMUL,8,256,256,1,1,8,256|1,1,512,256,1,1,8,512
prefill-decode,733,XlaCallModule_odml.runtime_bmm.impl_1359_0,9,BATCH_MATMUL,8,512,512,1,1,8,512|1,1,256,512,1,1,8,256
prefill-decode,743,XlaCallModule_odml.runtime_bmm.impl_1455_0,9,BATCH_MATMUL,8,256,256,1,1,8,256|1,1,512,256,1,1,8,512
prefill-decode,744,XlaCallModule_odml.runtime_bmm.impl_1461_0,9,BATCH_MATMUL,8,512,512,1,1,8,512|1,1,256,512,1,1,8,256
prefill-decode,754,XlaCallModule_odml.runtime_bmm.impl_1557_0,1,BATCH_MATMUL,8,512,512,1,1,8,512|1,1,32003,512,1,1,8,32003
prefill-decode,755,XlaCallModule_odml.runtime_bmm.impl_1561_0,1,BATCH_MATMUL,8,32003,32003,1,1,8,32003|1,1,512,32003,1,1,8,512
prefill-decode,765,XlaCallModule_odml.runtime_bmm.impl_1653_0,9,BATCH_MATMUL,8,256,256,1,1,8,256|1,1,512,256,1,1,8,512
prefill-decode,766,XlaCallModule_odml.runtime_bmm.impl_1659_0,9,BATCH_MATMUL,8,512,512,1,1,8,512|1,1,256,512,1,1,8,256
prefill-decode,776,XlaCallModule_odml.runtime_bmm.impl_1755_0,9,BATCH_MATMUL,8,256,256,1,1,8,256|1,1,512,256,1,1,8,512
prefill-decode,777,XlaCallModule_odml.runtime_bmm.impl_1761_0,9,BATCH_MATMUL,8,512,512,1,1,8,512|1,1,256,512,1,1,8,256
prefill-decode,787,XlaCallModule_odml.runtime_bmm.impl_1857_0,9,BATCH_MATMUL,8,256,256,1,1,8,256|1,1,512,256,1,1,8,512
prefill-decode,788,XlaCallModule_odml.runtime_bmm.impl_1863_0,9,BATCH_MATMUL,8,512,512,1,1,8,512|1,1,256,512,1,1,8,256
prefill-decode,798,XlaCallModule_odml.runtime_bmm.impl_1959_0,9,BATCH_MATMUL,8,256,256,1,1,8,256|1,1,512,256,1,1,8,512
prefill-decode,799,XlaCallModule_odml.runtime_bmm.impl_1965_0,9,BATCH_MATMUL,8,512,512,1,1,8,512|1,1,256,512,1,1,8,256
prefill-decode,809,XlaCallModule_odml.runtime_bmm.impl_2061_0,1,BATCH_MATMUL,8,512,512,1,1,8,512|1,1,32003,512,1,1,8,32003
prefill-decode,810,XlaCallModule_odml.runtime_bmm.impl_2065_0,1,BATCH_MATMUL,8,32003,32003,1,1,8,32003|1,1,512,32003,1,1,8,512
prefill-decode,817,XlaCallModule_odml.runtime_bmm.impl_2127_0,9,BATCH_MATMUL,8,256,256,1,1,8,256|1,1,512,256,1,1,8,512
prefill-decode,818,XlaCallModule_odml.runtime_bmm.impl_2133_0,9,BATCH_MATMUL,8,512,512,1,1,8,512|1,1,256,512,1,1,8,256
prefill-decode,825,XlaCallModule_odml.runtime_bmm.impl_2241_0,9,BATCH_MATMUL,8,256,256,1,1,8,256|1,1,512,256,1,1,8,512
prefill-decode,826,XlaCallModule_odml.runtime_bmm.impl_2247_0,9,BATCH_MATMUL,8,512,512,1,1,8,512|1,1,256,512,1,1,8,256
prefill-decode,833,XlaCallModule_odml.runtime_bmm.impl_2313_0,9,BATCH_MATMUL,8,256,256,1,1,8,256|1,1,512,256,1,1,8,512
prefill-decode,834,XlaCallModule_odml.runtime_bmm.impl_2319_0,9,BATCH_MATMUL,8,512,512,1,1,8,512|1,1,256,512,1,1,8,256
prefill-decode,841,XlaCallModule_odml.runtime_bmm.impl_2385_0,9,BATCH_MATMUL,8,256,256,1,1,8,256|1,1,512,256,1,1,8,512
prefill-decode,842,XlaCallModule_odml.runtime_bmm.impl_2391_0,9,BATCH_MATMUL,8,512,512,1,1,8,512|1,1,256,512,1,1,8,256
prefill-decode,849,XlaCallModule_odml.runtime_bmm.impl_2457_0,1,BATCH_MATMUL,8,512,512,1,1,8,512|1,1,32003,512,1,1,8,32003
prefill-decode,850,XlaCallModule_odml.runtime_bmm.impl_2461_0,1,BATCH_MATMUL,8,32003,32003,1,1,8,32003|1,1,512,32003,1,1,8,512
prefill-decode,857,XlaCallModule_odml.runtime_bmm.impl_2523_0,9,BATCH_MATMUL,8,256,256,1,1,8,256|1,1,512,256,1,1,8,512
prefill-decode,858,XlaCallModule_odml.runtime_bmm.impl_2529_0,9,BATCH_MATMUL,8,512,512,1,1,8,512|1,1,256,512,1,1,8,256
prefill-decode,865,XlaCallModule_odml.runtime_bmm.impl_2595_0,9,BATCH_MATMUL,8,256,256,1,1,8,256|1,1,512,256,1,1,8,512
prefill-decode,866,XlaCallModule_odml.runtime_bmm.impl_2601_0,9,BATCH_MATMUL,8,512,512,1,1,8,512|1,1,256,512,1,1,8,256
prefill-decode,873,XlaCallModule_odml.runtime_bmm.impl_2667_0,9,BATCH_MATMUL,8,256,256,1,1,8,256|1,1,512,256,1,1,8,512
prefill-decode,874,XlaCallModule_odml.runtime_bmm.impl_2673_0,9,BATCH_MATMUL,8,512,512,1,1,8,512|1,1,256,512,1,1,8,256
prefill-decode,881,XlaCallModule_odml.runtime_bmm.impl_2739_0,9,BATCH_MATMUL,8,256,256,1,1,8,256|1,1,512,256,1,1,8,512
prefill-decode,882,XlaCallModule_odml.runtime_bmm.impl_2745_0,9,BATCH_MATMUL,8,512,512,1,1,8,512|1,1,256,512,1,1,8,256
prefill-decode,889,XlaCallModule_odml.runtime_bmm.impl_2811_0,1,BATCH_MATMUL,8,512,512,1,1,8,512|1,1,32003,512,1,1,8,32003
prefill-decode,890,XlaCallModule_odml.runtime_bmm.impl_2815_0,1,BATCH_MATMUL,8,32003,32003,1,1,8,32003|1,1,512,32003,1,1,8,512
prefill-decode,897,XlaCallModule_odml.runtime_bmm.impl_2877_0,9,BATCH_MATMUL,8,256,256,1,1,8,256|1,1,512,256,1,1,8,512
prefill-decode,898,XlaCallModule_odml.runtime_bmm.impl_2883_0,9,BATCH_MATMUL,8,512,512,1,1,8,512|1,1,256,512,1,1,8,256
prefill-decode,905,XlaCallModule_odml.runtime_bmm.impl_2949_0,9,BATCH_MATMUL,8,256,256,1,1,8,256|1,1,512,256,1,1,8,512
prefill-decode,906,XlaCallModule_odml.runtime_bmm.impl_2955_0,9,BATCH_MATMUL,8,512,512,1,1,8,512|1,1,256,512,1,1,8,256
prefill-decode,913,XlaCallModule_odml.runtime_bmm.impl_3021_0,9,BATCH_MATMUL,8,256,256,1,1,8,256|1,1,512,256,1,1,8,512
prefill-decode,914,XlaCallModule_odml.runtime_bmm.impl_3027_0,9,BATCH_MATMUL,8,512,512,1,1,8,512|1,1,256,512,1,1,8,256
prefill-decode,921,XlaCallModule_odml.runtime_bmm.impl_3093_0,9,BATCH_MATMUL,8,256,256,1,1,8,256|1,1,512,256,1,1,8,512
prefill-decode,922,XlaCallModule_odml.runtime_bmm.impl_3099_0,9,BATCH_MATMUL,8,512,512,1,1,8,512|1,1,256,512,1,1,8,256
prefill-decode,929,XlaCallModule_odml.runtime_bmm.impl_3165_0,1,BATCH_MATMUL,8,512,512,1,1,8,512|1,1,32003,512,1,1,8,32003
prefill-decode,930,XlaCallModule_odml.runtime_bmm.impl_3169_0,1,BATCH_MATMUL,8,32003,32003,1,1,8,32003|1,1,512,32003,1,1,8,512
prefill-decode,937,XlaCallModule_odml.runtime_bmm.impl_3231_0,9,BATCH_MATMUL,8,256,256,1,1,8,256|1,1,512,256,1,1,8,512
prefill-decode,938,XlaCallModule_odml.runtime_bmm.impl_3237_0,9,BATCH_MATMUL,8,512,512,1,1,8,512|1,1,256,512,1,1,8,256
prefill-decode,945,XlaCallModule_odml.runtime_bmm.impl_3303_0,9,BATCH_MATMUL,8,256,256,1,1,8,256|1,1,512,256,1,1,8,512
prefill-decode,946,XlaCallModule_odml.runtime_bmm.impl_3309_0,9,BATCH_MATMUL,8,512,512,1,1,8,512|1,1,256,512,1,1,8,256
prefill-decode,953,XlaCallModule_odml.runtime_bmm.impl_3375_0,9,BATCH_MATMUL,8,256,256,1,1,8,256|1,1,512,256,1,1,8,512
prefill-decode,954,XlaCallModule_odml.runtime_bmm.impl_3381_0,9,BATCH_MATMUL,8,512,512,1,1,8,512|1,1,256,512,1,1,8,256
prefill-decode,961,XlaCallModule_odml.runtime_bmm.impl_3447_0,9,BATCH_MATMUL,8,256,256,1,1,8,256|1,1,512,256,1,1,8,512
prefill-decode,962,XlaCallModule_odml.runtime_bmm.impl_3453_0,9,BATCH_MATMUL,8,512,512,1,1,8,512|1,1,256,512,1,1,8,256
prefill-decode,969,XlaCallModule_odml.runtime_bmm.impl_3519_0,1,BATCH_MATMUL,8,512,512,1,1,8,512|1,1,32003,512,1,1,8,32003
prefill-decode,970,XlaCallModule_odml.runtime_bmm.impl_3523_0,1,BATCH_MATMUL,8,32003,32003,1,1,8,32003|1,1,512,32003,1,1,8,512
